Open,Low,High,Close,Volume
2015-07-06,38.0,36.0,39.75,36.71,5866600.0
2015-07-07,37.72,36.0,37.81,36.62,7359000.0
2015-07-08,36.34,34.53,36.36,34.7,5387700.0
2015-07-09,35.1,33.99,35.52,34.5,3760100.0
2015-07-10,34.66,33.98,35.19,34.69,4472800.0
2015-07-13,35.59,35.5,37.5,36.78,7626000.0
2015-07-14,36.99,36.6,37.74,36.93,4653300.0
2015-07-15,37.98,37.03,38.2,37.51,13072800.0
2015-07-16,38.82,38.08,39.97,38.63,21348500.0
2015-07-17,39.42,38.18,40.2,38.39,45720200.0
2015-07-20,41.46,39.8,42.55,40.47,52286500.0
2015-07-21,41.08,39.12,41.11,39.35,32954600.0
2015-07-22,39.35,38.1,39.72,38.39,25363900.0
2015-07-23,38.74,36.93,38.75,37.01,19250200.0
2015-07-24,37.71,36.91,38.0,37.0,14274300.0
2015-07-27,36.78,36.22,37.38,36.39,16179900.0
2015-07-28,37.19,36.83,38.0,37.6,18986000.0
2015-07-29,38.03,37.62,38.1,37.95,11788400.000000002
2015-07-30,38.04,37.715,39.01,38.45,13845100.000000002
2015-07-31,39.14,38.22,39.2,38.7,12480600.0
2015-08-03,39.25,38.9,39.88,39.39,15126599.999999998
2015-08-04,39.91,38.43,39.91,38.95,10992200.0
2015-08-05,39.7,39.17,39.88,39.27,9463100.0
2015-08-06,39.63,38.55,39.74,38.85,7324100.0
2015-08-07,39.04,38.6,39.23,39.13,8331300.0
2015-08-10,39.43,38.77,39.69,39.05,7998900.0
2015-08-11,38.93,38.72,39.28,38.85,8184000.0
2015-08-12,38.55,37.01,38.58,38.19,21350600.0
2015-08-13,38.4,37.44,38.49,37.62,7863500.0
2015-08-14,37.49,37.38,38.18,38.14,6271100.0
2015-08-17,38.3,37.7,38.75,38.73,4931700.0
2015-08-18,39.0,37.87,39.0,37.99,4678800.0
2015-08-19,37.87,37.03,38.1,37.19,6923400.0
2015-08-20,36.85,35.88,37.34,35.98,10645700.0
2015-08-21,35.57,33.83,36.11,34.25,16824100.0
2015-08-24,31.17,30.0,34.85,33.75,19676600.0
2015-08-25,35.44,32.7,35.46,32.7,15557100.0
2015-08-26,33.7,31.71,33.84,33.17,25350400.0
2015-08-27,33.87,33.16,34.77,34.62,18909600.000000004
2015-08-28,34.51,34.37,35.26,35.04,8344800.0
2015-08-31,35.5,34.77,35.51,35.0,12123800.0
2015-09-01,34.15,33.41,34.68,33.77,13376000.000000002
2015-09-02,34.6,33.835,35.08,35.07,7521000.0
2015-09-03,35.01,34.77,35.46,35.31,6683800.0
2015-09-04,34.71,33.78,34.72,34.29,7483100.0
2015-09-08,34.81,34.25,34.89,34.7,7674500.0
2015-09-09,34.92,33.88,34.95,34.37,10946900.0
2015-09-10,34.23,32.95,34.29,33.46,12134500.0
2015-09-11,33.27,32.61,33.59,33.55,9184200.0
2015-09-14,33.7,33.2,33.95,33.77,7897700.0
2015-09-15,33.72,32.67,33.95,33.8,11874900.0
2015-09-16,33.46,33.36,34.06,33.77,7183900.0
2015-09-17,33.72,33.08,33.99,33.32,7846800.0
2015-09-18,32.9,32.55,33.78,32.92,16488100.000000002
2015-09-21,33.66,33.43,34.62,34.25,12736500.0
2015-09-22,33.94,33.19,34.1,33.35,8538000.0
2015-09-23,33.49,33.26,34.34,34.16,5405500.0
2015-09-24,34.0,33.38,34.07,33.91,6544500.0
2015-09-25,34.6,33.5,34.69,33.77,6566800.0
2015-09-28,33.68,32.155,33.68,32.25,7407300.0
2015-09-29,32.27,30.3,32.67,30.63,12008100.0
2015-09-30,31.2,30.64,31.28,31.04,13672000.0
2015-10-01,30.82,30.75,31.587,31.48,9657000.0
2015-10-02,30.82,30.75,32.86,32.83,7609800.0
2015-10-05,32.95,32.38,33.02,32.67,6119100.0
2015-10-06,32.91,31.78,32.91,31.86,7409800.0
2015-10-07,32.31,31.52,32.471,32.38,6969600.0
2015-10-08,32.44,31.09,32.45,31.67,9281500.0
2015-10-09,31.69,31.41,32.45,32.06,5911400.0
2015-10-12,32.19,32.1,32.67,32.63,3915500.0
2015-10-13,32.6,32.34,33.48,33.22,8787700.0
2015-10-14,33.4,33.4,34.46,34.05,8198300.0
2015-10-15,34.45,34.16,34.72,34.62,9103200.0
2015-10-16,34.75,33.95,35.05,34.29,5390700.0
2015-10-19,34.43,33.79,34.905,34.84,5855700.0
2015-10-20,34.8,34.59,34.99,34.87,6084200.0
2015-10-21,34.75,32.88,34.8,33.83,9054500.0
2015-10-22,34.43,34.26,35.25,34.79,8735500.0
2015-10-23,35.73,34.8,35.75,34.99,8909100.0
2015-10-26,36.05,35.515,36.59,36.44,11554600.0
2015-10-27,36.39,35.31,36.394,35.94,8502400.0
2015-10-28,36.21,35.81,36.65,36.52,11634300.0
2015-10-29,34.73,34.5,36.5,35.91,25137299.999999996
2015-10-30,35.64,35.24,36.49,36.01,13409200.000000002
2015-11-02,35.58,35.45,37.41,36.99,11254900.000000002
2015-11-03,37.05,37.0,38.44,37.9,12025200.0
2015-11-04,38.45,37.33,38.52,37.6,12226800.0
2015-11-05,37.82,36.66,37.98,36.71,9068900.0
2015-11-06,36.59,35.8,36.7,36.24,10256800.0
2015-11-09,36.1,35.65,36.74,36.6,11571500.000000002
2015-11-10,36.58,36.5,37.2,37.0,36384400.0
2015-11-11,37.19,35.75,37.32,36.33,12762500.000000002
2015-11-12,35.945,34.83,36.05,35.57,11835900.0
2015-11-13,35.18,34.5,35.5,34.53,7364400.0
2015-11-16,34.55,34.53,35.66,35.61,6734500.0
2015-11-17,35.89,35.71,36.45,36.21,7344900.0
2015-11-18,36.32,35.785,36.95,36.22,8323100.0
2015-11-19,36.45,35.91,36.5,36.19,5041300.0
2015-11-20,36.45,35.92,36.45,36.36,4543400.0
2015-11-23,36.5,35.41,36.65,35.56,6961000.0
2015-11-24,35.25,34.88,35.3,35.12,8390100.0
2015-11-25,35.2,35.13,35.86,35.36,3881800.0
2015-11-27,35.52,35.06,35.7,35.18,2549400.0
2015-11-30,35.36,34.69,35.44,35.26,9357300.0
2015-12-01,35.41,33.85,35.41,35.17,14893900.0
2015-12-02,35.23,34.93,36.17,35.15,5762400.0
2015-12-03,35.2,33.85,35.23,34.23,7311900.0
2015-12-04,34.38,34.22,35.82,35.62,10664300.0
2015-12-07,35.71,34.85,35.8,35.16,4918000.0
2015-12-08,34.63,34.52,35.7,35.6,7420800.0
2015-12-09,35.39,34.83,35.6,35.07,7381700.0
2015-12-10,35.16,35.16,35.91,35.49,6949700.0
2015-12-11,35.15,34.42,35.326,34.69,8309200.0
2015-12-14,34.61,34.33,35.223,35.01,5784400.0
2015-12-15,35.19,35.18,36.51,36.32,11709900.0
2015-12-16,36.12,35.19,36.25,35.98,7076300.0
2015-12-17,36.0,35.51,36.58,35.54,6454100.0
2015-12-18,35.35,34.73,35.76,34.98,13745900.0
2015-12-21,35.21,35.11,36.15,36.08,5856000.0
2015-12-22,36.12,35.78,36.89,36.805,6030900.0
2015-12-23,36.79,36.77,37.68,37.11,7579500.0
2015-12-24,37.01,36.82,37.23,37.07,2133400.0
2015-12-28,36.7,36.25,37.0,36.61,4930100.0
2015-12-29,36.92,36.75,37.45,37.08,3436600.0
2015-12-30,37.07,36.46,37.25,36.48,4106700.0
2015-12-31,36.3,36.051,36.5,36.2,4481900.0
2016-01-04,35.13,34.28,35.56,34.75,12287700.0
2016-01-05,34.98,33.86,34.98,34.31,11227700.0
2016-01-06,33.7,33.21,34.01,33.98,8441300.0
2016-01-07,33.15,33.02,34.161,33.13,11041100.0
2016-01-08,33.46,32.63,33.88,32.69,7848800.0
2016-01-11,33.02,32.47,33.43,33.04,8937400.0
2016-01-12,33.35,32.66,33.57,33.08,7854000.0
2016-01-13,33.28,31.97,33.57,32.12,8069400.0
2016-01-14,32.15,31.705,33.04,32.87,7749500.0
2016-01-15,31.62,31.62,32.54,32.31,12174400.0
2016-01-19,32.76,31.93,33.18,32.2,6674700.0
2016-01-20,31.43,30.52,31.7,31.2,13170600.000000002
2016-01-21,31.61,30.9,31.74,31.2,9978900.0
2016-01-22,31.65,31.54,31.97,31.69,9444000.0
2016-01-25,31.98,31.35,31.98,31.47,7591800.0
2016-01-26,31.49,31.39,31.98,31.97,8617000.0
2016-01-27,31.96,31.38,32.63,31.59,12711700.000000002
2016-01-28,33.63,33.35,34.75,34.24,20378600.000000004
2016-01-29,34.49,34.36,36.26,36.14,21201100.0
2016-02-01,35.65,35.59,37.32,37.08,17356000.0
2016-02-02,36.53,36.44,37.77,36.83,17310600.0
2016-02-03,36.87,36.07,37.55,37.01,14543100.0
2016-02-04,36.66,36.54,37.285,37.17,10212300.0
2016-02-05,37.16,34.82,37.16,35.07,16245800.0
2016-02-08,34.0,31.98,34.29,33.61,20629000.0
2016-02-09,32.8,31.64,33.858,32.7,16439200.0
2016-02-10,33.62,32.82,33.94,32.9,8636500.0
2016-02-11,32.12,32.01,33.64,33.52,13170100.0
2016-02-12,33.97,33.81,34.44,34.3,9437100.0
2016-02-16,34.65,34.48,35.52,35.46,9152400.0
2016-02-17,35.98,35.81,36.91,36.36,12070600.0
2016-02-18,36.41,35.66,36.53,36.31,9022100.0
2016-02-19,36.0,35.61,36.235,35.76,9652800.0
2016-02-22,36.45,35.82,36.5,36.0,10476200.0
2016-02-23,35.72,35.02,35.935,35.48,8415200.0
2016-02-24,35.22,34.86,36.75,36.47,8090600.0
2016-02-25,36.67,36.18,36.83,36.74,5209500.0
2016-02-26,36.73,36.37,37.535,37.49,8595000.0
2016-02-29,37.47,37.45,38.93,38.14,23939900.0
2016-03-01,38.52,38.02,39.545,39.25,14085300.0
2016-03-02,39.2,38.7,39.93,39.16,12895900.0
2016-03-03,38.96,38.629,39.24,39.02,7656900.0
2016-03-04,38.77,38.755,39.7,39.04,7200100.0
2016-03-07,38.78,38.72,39.4,38.98,5327200.0
2016-03-08,38.69,38.11,38.88,38.16,6012700.0
2016-03-09,38.48,37.82,38.62,38.57,4990500.0
2016-03-10,38.66,37.48,39.3,38.49,7655700.0
2016-03-11,39.0,38.85,39.53,39.49,9539500.0
2016-03-14,39.4,39.04,39.8,39.38,5299700.0
2016-03-15,39.05,39.05,39.64,39.27,5013900.0
2016-03-16,39.09,38.57,39.89,39.84,6363500.0
2016-03-17,39.85,39.17,40.12,39.93,9789600.0
2016-03-18,39.86,38.69,39.86,39.41,15132400.000000002
2016-03-21,39.41,39.2,41.17,41.14,13432400.0
2016-03-22,40.67,40.63,41.75,41.32,10552299.999999998
2016-03-23,41.06,40.04,41.31,40.52,8104700.0
2016-03-24,39.4,37.0,39.51,38.92,15040600.0
2016-03-28,38.81,38.62,39.17,38.74,6192900.0
2016-03-29,38.74,38.3,39.715,39.53,5694000.0
2016-03-30,39.94,38.995,40.04,39.04,5246800.0
2016-03-31,38.74,38.43,39.0,38.6,8087000.0
2016-04-01,38.51,38.4,39.46,39.4,6982000.0
2016-04-04,39.36,38.41,39.38,38.79,5381300.0
2016-04-05,38.35,37.7,38.81,38.55,5364800.0
2016-04-06,38.45,38.25,39.185,39.16,5526200.0
2016-04-07,38.85,38.12,38.94,38.28,7294500.0
2016-04-08,38.61,38.1,38.699,38.41,7822300.0
2016-04-11,38.33,38.03,38.82,38.06,5428900.0
2016-04-12,38.32,37.34,38.32,37.8,7677100.0
2016-04-13,38.25,38.19,39.12,38.79,7082400.0
2016-04-14,38.94,38.415,39.02,38.64,4590200.0
2016-04-15,38.69,38.29,38.95,38.58,5239600.0
2016-04-18,38.56,38.43,39.69,39.64,6433000.0
2016-04-19,39.75,38.975,40.07,39.24,5915800.0
2016-04-20,39.24,39.17,40.24,40.08,7723500.0
2016-04-21,40.2,40.014,40.55,40.1,5539400.0
2016-04-22,39.72,39.68,40.635,40.31,6433900.0
2016-04-25,40.27,39.54,40.84,39.82,7934200.0
2016-04-26,39.57,39.33,40.13,39.73,5271200.0
2016-04-27,39.68,39.2,40.18,40.01,12727599.999999998
2016-04-28,41.0,39.91,41.49,40.07,17800000.0
2016-04-29,39.71,38.59,39.87,39.18,10001400.0
2016-05-02,39.07,38.73,39.27,39.02,6777500.0
2016-05-03,38.63,38.14,38.97,38.36,9146600.0
2016-05-04,38.07,37.87,38.46,38.31,8121600.0
2016-05-05,38.38,38.32,39.119,38.95,7127200.0
2016-05-06,38.71,38.61,39.7,39.48,6566900.0
2016-05-09,39.42,39.33,40.18,39.62,5861000.0
2016-05-10,39.62,39.24,40.15,40.11,6588700.0
2016-05-11,39.57,39.57,40.314,39.71,5995500.0
2016-05-12,39.85,39.17,40.0,39.51,6323100.0
2016-05-13,39.54,39.31,39.8,39.48,5885900.0
2016-05-16,39.36,39.13,39.53,39.3,10316000.0
2016-05-17,39.1,38.75,39.66,39.065,10746100.0
2016-05-18,39.18,38.5,39.36,38.98,10393500.0
2016-05-19,38.81,37.31,38.88,37.65,17041300.0
2016-05-20,37.79,37.49,37.95,37.53,12496600.0
2016-05-23,37.68,37.39,38.23,38.07,9083800.0
2016-05-24,38.28,38.28,39.005,38.92,7555200.0
2016-05-25,38.87,38.51,39.06,38.76,6538900.0
2016-05-26,38.71,38.0,38.74,38.07,5894700.0
2016-05-27,38.0,37.92,38.345,38.09,5863600.0
2016-05-31,37.96,37.5,38.03,37.79,12231399.999999998
2016-06-01,37.81,37.71,38.479,38.31,5458500.0
2016-06-02,38.42,38.32,38.685,38.56,4658600.0
2016-06-03,38.44,37.813,38.59,38.33,4986000.0
2016-06-06,38.47,37.98,38.49,38.1,5065900.0
2016-06-07,38.07,37.52,38.48,37.57,6324400.0
2016-06-08,37.53,37.06,37.7,37.55,8666600.0
2016-06-09,37.48,37.11,37.57,37.13,10206700.0
2016-06-10,36.83,36.62,37.05,36.77,7741400.0
2016-06-13,36.5,36.495,37.11,36.54,8216000.0
2016-06-14,36.37,36.25,37.275,37.16,10281900.0
2016-06-15,37.16,36.785,37.22,36.84,7092000.0
2016-06-16,36.62,36.35,37.04,36.97,6106000.0
2016-06-17,37.03,36.63,37.18,36.97,7947100.0
2016-06-20,37.28,36.82,37.76,36.86,7789600.0
2016-06-21,36.8,35.95,36.8,36.16,12816100.000000002
2016-06-22,36.28,35.78,36.493,36.0,9292400.0
2016-06-23,36.27,36.05,36.665,36.66,4808700.0
2016-06-24,35.0,34.61,35.725,35.08,17647200.0
2016-06-27,34.74,34.0,34.76,34.2,11195800.0
2016-06-28,34.46,34.23,35.25,35.24,12408200.0
2016-06-29,35.69,35.29,35.905,35.77,9520400.0
2016-06-30,35.81,35.59,36.53,36.51,9153000.0
2016-07-01,36.6,36.25,36.67,36.35,7260400.0
2016-07-05,36.3,35.87,36.36,36.12,5321100.0
2016-07-06,35.94,35.715,36.17,35.93,7821300.0
2016-07-07,35.92,35.84,36.39,36.32,7326700.0
2016-07-08,36.78,36.66,37.46,37.36,6828600.0
2016-07-11,37.45,37.4,38.33,38.15,10096200.0
2016-07-12,38.47,38.24,38.91,38.79,9997200.0
2016-07-13,38.84,38.83,39.99,39.28,12458499.999999998
2016-07-14,39.69,39.4,40.07,39.96,9683500.0
2016-07-15,40.02,38.98,40.07,39.09,8140600.0
2016-07-18,39.13,38.73,39.22,38.92,7877400.0
2016-07-19,38.97,38.83,39.465,39.37,8120100.0
2016-07-20,39.44,39.12,40.45,40.05,11189100.0
2016-07-21,40.33,39.65,40.33,40.13,13363300.0
2016-07-22,37.3,36.43,37.59,37.42,36397300.0
2016-07-25,37.7,37.62,38.18,37.78,16904100.0
2016-07-26,37.78,37.6,38.27,37.69,10279200.0
2016-07-27,37.64,37.045,37.69,37.22,8894200.0
2016-07-28,37.4,37.101,37.68,37.22,5111300.0
2016-07-29,37.41,36.86,37.48,37.24,6841500.0
2016-08-01,37.43,36.9,37.44,37.06,5473900.0
2016-08-02,37.06,36.36,37.085,36.54,5997700.0
2016-08-03,36.59,36.28,36.74,36.58,7663800.0
2016-08-04,36.82,36.73,37.39,37.3,7507800.0
2016-08-05,37.55,37.55,38.15,38.1,7670400.0
2016-08-08,38.19,37.65,38.3,37.91,6101300.0
2016-08-09,38.03,37.88,38.14,38.1,5049100.0
2016-08-10,38.02,37.91,38.245,38.07,5546800.0
2016-08-11,38.19,38.1,38.49,38.46,5999400.0
2016-08-12,38.3,38.1,38.63,38.51,6527900.0
2016-08-15,38.55,38.34,38.65,38.46,4548200.0
2016-08-16,38.4,38.15,38.53,38.38,6170800.0
2016-08-17,38.41,37.88,38.46,38.14,5264000.0
2016-08-18,38.07,37.93,38.375,38.22,3880600.0
2016-08-19,38.02,37.895,38.18,38.09,5107900.0
2016-08-22,37.93,37.66,38.2,38.11,10704300.0
2016-08-23,38.42,37.8,38.43,37.86,6066400.0
2016-08-24,37.81,37.41,37.95,37.52,5914200.0
2016-08-25,37.5,37.25,37.57,37.51,5132100.0
2016-08-26,37.72,37.38,37.84,37.65,4177700.0
2016-08-29,37.61,37.27,37.65,37.29,4780700.0
2016-08-30,37.26,36.985,37.52,37.0,6873600.0
2016-08-31,37.0,36.84,37.24,37.15,7166300.0
2016-09-01,37.27,36.58,37.32,36.83,10412200.0
2016-09-02,37.01,36.3,37.125,37.07,6726900.0
2016-09-06,37.05,37.02,37.65,37.18,6416900.0
2016-09-07,37.33,37.26,38.58,38.56,10817700.000000002
2016-09-08,38.65,38.501,39.33,39.27,12037300.0
2016-09-09,38.75,37.91,39.02,38.01,10747100.0
2016-09-12,37.65,37.54,38.84,38.77,8635000.0
2016-09-13,38.62,38.41,40.33,39.86,17924900.0
2016-09-14,39.99,39.53,40.28,39.96,13042100.0
2016-09-15,40.31,39.87,41.14,40.83,12702800.0
2016-09-16,40.71,40.325,40.88,40.7,11909400.000000002
2016-09-19,40.24,39.75,40.46,40.01,7574500.0
2016-09-20,40.3,39.67,40.3,39.69,5563300.0
2016-09-21,39.86,39.7,40.39,40.29,5378400.0
2016-09-22,40.42,40.14,40.66,40.49,5691000.0
2016-09-23,39.6,39.6,40.495,40.07,6234600.0
2016-09-26,39.38,39.38,40.51,40.34,9054400.0
2016-09-27,40.04,39.49,41.23,41.06,8674100.0
2016-09-28,41.15,40.21,41.19,40.97,6751200.0
2016-09-29,40.91,40.36,41.3,40.39,7953000.0
2016-09-30,40.29,40.27,41.05,40.97,8685600.0
2016-10-03,40.87,40.16,41.2,40.59,6925000.0
2016-10-04,41.3,40.44,41.3,40.78,5046600.0
2016-10-05,40.95,40.4,40.95,40.44,6128200.0
2016-10-06,40.32,39.86,40.39,40.18,6312000.0
2016-10-07,40.42,39.62,40.42,39.88,6109900.0
2016-10-10,40.13,39.59,40.17,39.86,6636700.0
2016-10-11,40.03,38.96,40.11,39.19,9955700.0
2016-10-12,39.77,39.3,39.8,39.53,7039900.0
2016-10-13,39.39,38.75,39.4,39.2,7865200.0
2016-10-14,39.46,39.23,39.89,39.24,6647600.0
2016-10-17,39.24,39.16,39.62,39.48,5279500.0
2016-10-18,40.0,39.78,40.18,39.83,5475900.0
2016-10-19,39.97,39.84,40.47,40.24,6587700.0
2016-10-20,40.23,39.82,40.29,40.09,13337500.0
2016-10-21,41.85,41.84,44.24,44.15,37554700.0
2016-10-24,44.0,43.14,44.52,43.87,19079000.0
2016-10-25,43.66,43.0,44.07,43.31,9463900.0
2016-10-26,43.0,42.31,43.21,42.33,10918800.0
2016-10-27,42.55,41.621,42.57,41.69,9447300.0
2016-10-28,41.98,41.07,41.98,41.76,11979200.000000002
2016-10-31,41.78,41.36,42.0,41.66,7160000.0
2016-11-01,41.68,41.29,42.295,41.54,9399000.0
2016-11-02,41.43,41.08,41.57,41.35,7920600.0
2016-11-03,41.32,40.92,41.5,41.19,6239900.0
2016-11-04,40.3,40.3,41.485,40.9,6541300.0
2016-11-07,41.52,41.06,41.65,41.28,7904900.0
2016-11-08,41.42,41.09,42.15,41.58,6968100.0
2016-11-09,40.6,40.58,41.47,41.26,9744400.0
2016-11-10,41.9,39.58,41.9,40.45,12097600.0
2016-11-11,40.77,39.8,40.77,40.08,10775700.0
2016-11-14,40.4,38.45,40.4,38.81,17877800.0
2016-11-15,39.04,38.9,39.48,38.94,16037800.0
2016-11-16,39.05,38.71,39.21,39.07,12730900.0
2016-11-17,39.12,38.95,40.055,39.88,9758500.0
2016-11-18,40.08,39.91,40.57,40.08,9521500.0
2016-11-21,40.12,40.116,40.77,40.63,6667200.0
2016-11-22,40.99,39.95,41.1,40.33,7734700.0
2016-11-23,40.31,39.85,40.43,40.05,5770600.0
2016-11-25,40.4,39.99,40.56,40.26,2324300.0
2016-11-28,40.26,39.925,40.49,39.96,4170600.0
2016-11-29,40.07,39.79,40.36,39.89,5083700.0
2016-11-30,40.1,39.18,40.18,39.28,8420700.0
2016-12-01,39.56,38.18,39.68,38.34,11265600.0
2016-12-02,38.34,38.06,38.75,38.62,6335200.0
2016-12-05,38.85,38.65,39.34,38.99,5053900.0
2016-12-06,39.23,38.71,39.26,38.98,5954500.0
2016-12-07,39.08,38.8,39.46,39.45,7012000.0
2016-12-08,39.68,39.45,40.0,39.61,6102600.0
2016-12-09,39.7,39.375,39.79,39.65,3923700.0
2016-12-12,39.6,39.35,39.9,39.43,4474500.0
2016-12-13,39.55,39.39,39.745,39.43,6385900.0
2016-12-14,39.46,39.46,39.89,39.55,4658700.0
2016-12-15,39.8,39.35,40.29,39.54,6418900.0
2016-12-16,39.9,39.12,39.9,39.32,9786300.0
2016-12-19,39.4,39.11,39.8,39.44,4268600.0
2016-12-20,39.61,39.26,39.74,39.74,3637200.0
2016-12-21,39.84,39.82,40.74,40.09,6768200.0
2016-12-22,40.04,39.54,40.09,39.68,5065000.0
2016-12-23,39.82,39.48,39.87,39.58,3378100.0
2016-12-27,39.5,39.43,40.08,39.72,2660100.0
2016-12-28,39.76,39.53,40.03,39.57,3292400.0
2016-12-29,39.54,39.54,40.17,39.96,3708000.0
2016-12-30,39.96,39.34,40.07,39.47,5012100.0
2017-01-03,40.29,40.0,40.98,40.25,8247400.0
2017-01-04,40.35,40.045,41.03,41.0,6806400.0
2017-01-05,41.43,41.04,41.72,41.06,6432000.0
2017-01-06,41.24,40.79,41.64,41.45,5586400.0
2017-01-09,41.49,41.11,41.51,41.4,3943900.0
2017-01-10,41.4,41.07,41.55,41.08,4174900.0
2017-01-11,41.23,40.835,41.38,41.28,4425300.0
2017-01-12,41.28,40.92,41.605,41.56,3840500.0
2017-01-13,41.65,41.53,41.84,41.6,3917700.0
2017-01-17,41.6,41.2,41.71,41.27,5932900.0
2017-01-18,41.41,41.11,41.49,41.35,4706000.0
2017-01-19,41.25,41.03,41.68,41.27,4717600.0
2017-01-20,41.39,41.3,41.72,41.69,6868500.0
2017-01-23,41.86,41.25,42.11,41.62,8497100.0
2017-01-24,41.95,41.53,42.04,41.96,6106500.0
2017-01-25,42.36,41.66,42.44,41.71,8604000.0
2017-01-26,42.36,41.285,42.5,41.5,11838100.0
2017-01-27,41.0,39.92,41.2,40.27,22749200.0
2017-01-30,40.17,39.42,40.27,39.86,11486000.0
2017-01-31,39.7,39.45,40.01,39.78,9100100.0
2017-02-01,39.96,39.11,40.0,39.31,8860400.0
2017-02-02,39.4,39.02,39.84,39.58,8736800.0
2017-02-03,39.79,39.55,39.93,39.59,7131100.0
2017-02-06,39.64,39.34,39.83,39.74,8206400.0
2017-02-07,40.01,39.7,40.34,40.02,7956300.0
2017-02-08,40.18,39.92,40.99,40.88,7399000.0
2017-02-09,40.44,40.3,40.995,40.83,6467600.0
2017-02-10,40.82,40.56,40.86,40.58,6248200.0
2017-02-13,40.83,40.74,41.3,41.17,6260900.0
2017-02-14,41.18,40.94,41.63,41.62,6496400.0
2017-02-15,41.69,41.27,41.93,41.87,7124600.0
2017-02-16,41.87,41.7,42.31,42.15,5730800.0
2017-02-17,41.92,41.8,42.3,41.96,5106000.0
2017-02-21,41.93,41.9,42.56,42.43,5874700.0
2017-02-22,42.3,42.12,42.53,42.42,4316200.0
2017-02-23,42.37,42.16,42.67,42.53,5456300.0
2017-02-24,42.11,41.83,43.07,43.07,6769500.0
2017-02-27,42.89,42.35,42.89,42.64,5026700.0
2017-02-28,42.49,41.99,42.49,42.0,6956800.0
2017-03-01,42.31,41.99,42.52,42.43,6003800.0
2017-03-02,42.4,42.2,42.86,42.77,4572300.0
2017-03-03,42.7,42.58,43.04,43.03,4214400.0
2017-03-06,42.98,42.63,43.03,42.87,6032800.0
2017-03-07,42.8,42.71,43.2,42.89,4404700.0
2017-03-08,42.84,42.72,43.18,42.79,4573900.0
2017-03-09,42.66,42.45,43.0,42.92,3487900.0
2017-03-10,43.19,42.76,43.28,42.99,4636200.0
2017-03-13,42.87,42.45,42.965,42.59,5526900.0
2017-03-14,42.51,41.74,42.64,42.1,5888000.0
2017-03-15,42.29,41.89,42.57,42.39,4291800.0
2017-03-16,42.5,42.14,42.58,42.4,3998600.0
2017-03-17,42.57,42.37,43.3,43.08,12307900.0
2017-03-20,43.1,42.81,43.32,43.16,6686900.0
2017-03-21,43.33,42.46,43.4,42.64,7758400.0
2017-03-22,42.595,42.45,43.24,43.19,6513300.0
2017-03-23,43.13,43.0,43.61,43.14,7176400.0
2017-03-24,43.48,42.935,43.495,43.13,5739500.0
2017-03-27,42.69,42.58,43.2,43.08,3850300.0
2017-03-28,42.87,42.84,43.25,43.15,4396500.0
2017-03-29,43.15,42.96,43.3,43.24,3951100.0
2017-03-30,43.15,43.0,43.8,43.54,5691700.0
2017-03-31,43.44,43.01,43.48,43.02,5177500.0
2017-04-03,43.2,42.51,43.3,42.63,7773000.0
2017-04-04,42.74,42.26,42.74,42.72,4681800.0
2017-04-05,42.83,42.74,43.343,42.89,5292300.0
2017-04-06,42.9,42.72,43.0,42.9,5395400.0
2017-04-07,42.89,42.71,43.175,43.04,4861200.0
2017-04-10,43.07,43.01,43.55,43.05,4579500.0
2017-04-11,42.99,42.61,43.09,42.69,4856300.0
2017-04-12,42.1,42.06,42.81,42.49,5800100.0
2017-04-13,42.5,42.32,42.89,42.55,3631400.0
2017-04-17,42.6,42.6,43.14,43.1,3151600.0
2017-04-18,43.2,42.86,43.2,43.09,3711600.0
2017-04-19,43.03,42.9,43.47,43.3,4913900.0
2017-04-20,43.32,43.26,43.8,43.69,4811200.0
2017-04-21,43.86,43.6,44.0,43.81,5595700.0
2017-04-24,44.09,43.95,44.28,44.27,4643800.0
2017-04-25,44.49,44.35,45.01,44.71,7827900.0
2017-04-26,45.04,44.25,45.04,44.41,9846900.0
2017-04-27,47.25,46.75,48.1,47.15,34420200.0
2017-04-28,47.03,46.87,47.755,47.72,11642800.0
2017-05-01,47.39,47.32,47.713,47.54,14537500.000000002
2017-05-02,47.41,47.4,49.07,49.05,16820800.0
2017-05-03,49.16,48.625,49.29,49.02,11613100.0
2017-05-04,48.93,48.82,49.38,48.91,7148800.0
2017-05-05,48.62,48.4,49.44,49.3,4876200.0
2017-05-08,49.43,48.81,49.45,49.17,6641000.0
2017-05-09,49.06,48.9,49.37,49.22,4774000.0
2017-05-10,49.18,49.015,49.8,49.79,6507700.0
2017-05-11,49.63,49.11,49.71,49.7,5547700.0
2017-05-12,49.58,49.24,49.75,49.37,4933700.0
2017-05-15,49.31,49.25,50.0,49.77,4705900.0
2017-05-16,49.63,49.57,50.35,50.34,5347200.0
2017-05-17,49.87,49.025,50.1,49.05,6598400.0
2017-05-18,49.03,48.89,49.58,49.11,9932100.0
2017-05-19,49.15,49.06,49.71,49.39,7813800.0
2017-05-22,49.45,49.35,49.88,49.77,13144900.000000002
2017-05-23,49.9,49.77,50.18,50.13,7134200.0
2017-05-24,50.23,50.14,51.08,51.05,6274800.0
2017-05-25,50.77,50.64,51.13,50.93,4950500.0
2017-05-26,51.04,50.89,51.39,51.19,4780800.0
2017-05-30,50.96,50.86,51.28,51.06,5550300.0
2017-05-31,51.13,50.88,52.24,52.21,11107200.0
2017-06-01,52.48,52.475,53.39,53.16,13898299.999999998
2017-06-02,53.44,53.08,53.64,53.52,9121800.0
2017-06-05,53.77,53.59,54.07,53.8,9656400.0
2017-06-06,53.75,53.16,53.8,53.4,6308000.0
2017-06-07,53.3,53.26,53.94,53.85,6368700.0
2017-06-08,54.03,53.45,54.43,54.39,6369900.0
2017-06-09,54.65,52.85,55.14,53.4,11174100.0
2017-06-12,52.81,51.43,52.9,52.16,15765600.000000002
2017-06-13,52.29,51.7,52.485,52.06,10411800.0
2017-06-14,52.0,51.535,52.505,51.9,7132500.0
2017-06-15,51.44,50.83,52.38,52.29,12401600.0
2017-06-16,52.04,51.58,52.16,51.84,10931000.0
2017-06-19,52.28,52.11,53.0,52.93,5643900.0
2017-06-20,52.84,52.43,53.23,52.52,4578700.0
2017-06-21,52.99,52.61,53.58,53.54,8016500.0
2017-06-22,53.71,52.86,53.951,53.87,9673000.0
2017-06-23,53.82,53.69,54.53,54.33,6257300.0
2017-06-26,54.44,53.65,55.1,53.74,4890300.0
2017-06-27,53.6,52.64,53.79,52.73,7706800.0
2017-06-28,52.75,52.65,54.44,54.39,7934300.0
2017-06-29,53.81,52.52,54.1,53.42,11616200.000000002
2017-06-30,53.6,53.29,54.25,53.67,8235000.0
2017-07-03,54.14,52.83,54.33,52.87,4831300.0
2017-07-05,53.0,52.94,54.75,54.61,9800600.0
2017-07-06,54.22,53.15,54.351,53.47,7447900.0
2017-07-07,53.7,53.52,54.48,53.97,4948100.0
2017-07-10,54.91,54.7,55.42,54.94,10469599.999999998
2017-07-11,54.92,54.33,55.2,54.76,9011500.0
2017-07-12,56.6,55.55,57.445,56.55,17490800.000000004
2017-07-13,57.3,56.8,57.91,57.9,14795500.000000002
2017-07-14,58.14,56.915,58.63,57.16,11777100.0
2017-07-17,57.53,57.02,57.6,57.58,5803300.0
2017-07-18,57.5,57.31,58.96,58.96,9477500.0
2017-07-19,58.31,57.55,58.62,58.35,9706700.0
2017-07-20,58.75,58.43,59.38,59.09,8057400.0
2017-07-21,59.0,58.59,59.33,58.67,7545000.0
2017-07-24,58.9,58.34,59.07,58.58,6429300.0
2017-07-25,58.73,58.19,58.83,58.26,8514000.0
2017-07-26,58.48,57.9,58.94,58.79,13615600.000000002
2017-07-27,61.0,57.692,61.3,60.15,22713400.0
2017-07-28,59.8,59.04,60.71,59.2,10800800.0
2017-07-31,59.37,58.52,59.64,58.55,7400700.0
2017-08-01,59.0,58.79,59.39,59.34,9079100.0
2017-08-02,59.67,58.44,59.71,59.12,6517300.0
2017-08-03,59.16,58.36,59.28,58.42,6260000.0
2017-08-04,58.62,58.32,58.93,58.86,6174100.0
2017-08-07,59.18,58.84,59.64,59.62,5887600.0
2017-08-08,59.61,59.25,59.88,59.48,6001900.0
2017-08-09,58.97,58.59,59.73,59.67,6023900.0
2017-08-10,59.24,57.81,59.37,58.02,9571200.0
2017-08-11,57.85,57.58,58.25,58.04,6961800.0
2017-08-14,58.61,58.271,59.276,59.06,7561800.0
2017-08-15,59.3,59.23,59.98,59.69,6483500.0
2017-08-16,59.95,59.6,60.7,60.29,5747000.0
2017-08-17,60.15,59.29,60.28,59.29,6744200.0
2017-08-18,59.36,58.94,59.82,59.44,4653300.0
2017-08-21,59.33,58.755,59.65,59.4,4243200.0
2017-08-22,59.72,59.44,61.0,60.84,5835700.0
2017-08-23,60.3,59.82,60.51,60.05,4532000.0
2017-08-24,60.22,59.11,60.43,60.0,4045300.0
2017-08-25,60.33,59.61,60.58,59.97,4087400.0
2017-08-28,60.31,59.81,60.53,60.53,4660600.0
2017-08-29,59.82,59.63,61.16,61.01,4359300.0
2017-08-30,61.05,60.89,61.86,61.77,5696000.0
2017-08-31,62.0,61.17,62.029,61.68,6145800.0
2017-09-01,61.98,61.383,62.23,61.46,3440400.0
2017-09-05,61.26,60.58,61.75,61.27,5501200.0
2017-09-06,61.74,60.9,61.99,61.24,5350900.0
2017-09-07,61.33,61.28,62.13,62.0,5022700.0
2017-09-08,61.94,61.1,62.0,61.13,4942600.0
2017-09-11,61.73,61.62,63.26,62.64,8266300.0
2017-09-12,62.95,62.15,63.12,62.56,6276600.0
2017-09-13,62.47,61.58,62.75,62.04,6380900.0
2017-09-14,62.04,61.71,62.37,62.24,5697800.0
2017-09-15,62.27,61.96,62.8,62.5,9940900.0
2017-09-18,62.62,62.52,63.53,62.92,7688000.0
2017-09-19,63.01,62.96,63.925,63.83,7774000.0
2017-09-20,63.99,63.83,64.87,64.74,11903600.0
2017-09-21,64.67,63.905,64.95,64.63,6727300.0
2017-09-22,64.33,64.11,65.24,65.08,6743800.0
2017-09-25,65.0,62.365,65.0,63.5,13156900.0
2017-09-26,63.71,62.84,63.762,62.94,8551900.0
2017-09-27,63.41,63.16,63.75,63.33,7380700.0
2017-09-28,63.62,63.11,64.055,63.93,4148000.0
2017-09-29,63.86,63.5,64.17,64.03,6891300.0
2017-10-02,64.5,64.1,65.12,64.18,5163300.0
2017-10-03,64.51,63.761,64.51,64.22,5633100.0
2017-10-04,64.3,63.69,64.3,64.01,4438800.0
2017-10-05,64.38,64.22,66.0,65.82,7445700.0
2017-10-06,66.0,65.79,66.41,66.05,6122000.0
2017-10-09,66.2,65.9,66.55,66.23,5517900.0
2017-10-10,66.6,65.79,66.67,66.04,5831800.0
2017-10-11,67.25,66.98,68.42,67.78,12005600.0
2017-10-12,68.02,67.805,68.98,68.86,8888300.0
2017-10-13,69.49,68.0,69.61,68.66,8640700.0
2017-10-16,69.04,67.28,69.2,67.31,9581800.0
2017-10-17,67.65,66.35,67.67,66.67,10844000.0
2017-10-18,67.4,67.0,67.5,67.26,7994300.0
2017-10-19,67.3,66.16,67.45,67.25,14546400.0
2017-10-20,71.33,69.69,71.73,70.97,34282800.0
2017-10-23,71.02,69.55,71.33,69.8,12232500.0
2017-10-24,69.73,69.67,70.565,70.21,12280400.0
2017-10-25,69.94,69.85,71.42,71.02,12755800.000000002
2017-10-26,71.46,71.04,72.07,71.34,8015100.0
2017-10-27,71.72,70.58,71.79,71.06,9256600.0
2017-10-30,71.45,70.53,71.54,71.15,7216000.0
2017-10-31,71.34,71.11,72.74,72.56,7555300.0
2017-11-01,72.78,71.69,72.99,72.38,6655600.0
2017-11-02,72.46,72.01,72.776,72.25,4535600.0
2017-11-03,72.37,71.94,73.41,73.39,6726400.0
2017-11-06,73.72,73.42,74.76,74.74,10156300.0
2017-11-07,75.17,74.19,75.45,74.41,7026600.0
2017-11-08,74.0,73.31,75.0,74.77,7593100.0
2017-11-09,74.02,72.41,74.2,74.1,8875500.0
2017-11-10,73.77,73.56,74.14,73.99,5714600.0
2017-11-13,73.61,73.34,74.29,74.03,5843600.0
2017-11-14,74.1,73.62,74.82,74.49,6281500.0
2017-11-15,74.3,73.185,74.4,73.43,6232500.0
2017-11-16,75.5,75.28,77.94,77.7,12856500.0
2017-11-17,78.01,75.8,78.01,76.38,11886700.000000002
2017-11-20,76.6,75.88,77.32,76.01,6841800.0
2017-11-21,77.09,76.85,78.43,77.77,10603100.0
2017-11-22,77.9,76.62,77.99,77.57,8073500.0
2017-11-24,77.81,77.7,78.9,78.57,4306600.0
2017-11-27,78.63,77.71,79.385,77.84,6780900.0
2017-11-28,77.95,77.244,78.23,77.79,8741500.0
2017-11-29,77.95,71.67,77.98,73.25,25202100.0
2017-11-30,73.77,73.54,75.87,75.73,15962000.0
2017-12-01,75.22,74.26,76.44,75.3,13387800.0
2017-12-04,75.59,68.61,75.744,70.97,26283599.999999996
2017-12-05,69.81,69.61,72.75,71.2,16634000.0
2017-12-06,70.89,70.83,73.2,73.14,9331400.0
2017-12-07,73.25,73.25,74.069,73.69,7937700.0
2017-12-08,74.71,72.6,74.71,72.91,8350400.0
2017-12-11,72.96,72.56,73.68,73.29,6421900.0
2017-12-12,73.45,73.0,74.31,73.62,6573500.0
2017-12-13,74.08,73.77,75.42,74.09,7196400.0
2017-12-14,74.5,74.2,75.53,74.26,7519600.0
2017-12-15,74.82,73.51,75.87,75.65,12543899.999999998
2017-12-18,76.3,75.2,76.35,75.32,8361100.0
2017-12-19,75.39,73.91,75.39,74.5,7753100.0
2017-12-20,74.64,73.76,74.9,74.0,6121300.0
2017-12-21,74.19,73.8,74.47,74.02,4763900.0
2017-12-22,73.8,72.9,74.04,73.89,3895000.0
2017-12-26,73.29,72.63,74.34,74.27,4919100.0
2017-12-27,74.25,74.0,74.93,74.59,4461500.0
2017-12-28,74.96,73.86,75.0,74.17,3810200.0
2017-12-29,73.92,73.58,74.53,73.62,4496600.0
2018-01-02,74.235,73.43,74.5,73.84,7296500.0
2018-01-03,74.3,74.05,76.85,76.75,9945400.0
2018-01-04,77.33,76.26,77.929,76.73,8650000.0
2018-01-05,77.11,77.01,78.93,78.7,11822100.0
2018-01-08,78.7,77.773,79.18,79.05,7963600.0
2018-01-09,80.1,78.52,80.39,79.19,9620400.0
2018-01-10,78.5,77.7,79.485,79.37,6248600.0
2018-01-11,79.45,78.91,79.87,79.75,6267500.0
2018-01-12,80.0,79.66,80.77,80.54,6891100.0
2018-01-16,80.95,79.94,81.8,80.42,9596600.0
2018-01-17,80.4,79.96,82.61,82.47,7146900.0
2018-01-18,82.43,81.61,83.44,82.94,7395100.0
2018-01-19,83.23,83.128,84.19,83.84,8783500.0
2018-01-22,84.0,83.22,84.21,83.98,7560500.0
2018-01-23,84.12,83.45,84.55,84.21,9736400.0
2018-01-24,84.52,82.71,85.29,83.71,8735700.0
2018-01-25,84.0,83.71,85.27,84.34,7268300.0
2018-01-26,84.46,84.04,85.49,85.45,7840300.0
2018-01-29,85.2,83.62,85.35,84.31,8198900.0
2018-01-30,83.0,82.0,84.17,83.78,7864500.0
2018-01-31,84.18,84.16,86.32,85.32,15221400.0
2018-02-01,79.95,76.7,80.95,78.4,44271600.0
2018-02-02,78.1,76.28,79.62,76.57,21979800.0
2018-02-05,75.95,74.68,78.98,74.705,18810600.0
2018-02-06,72.63,72.25,76.515,75.68,19739600.0
2018-02-07,75.35,74.94,77.58,75.59,11988000.0
2018-02-08,75.63,72.27,75.91,72.32,13665400.0
2018-02-09,73.14,71.63,75.27,74.75,14339400.0
2018-02-12,75.49,74.852,76.28,75.28,10419600.0
2018-02-13,74.81,74.55,75.6,74.97,7743600.0
2018-02-14,74.18,74.13,77.36,77.27,8955800.0
2018-02-15,78.01,76.58,78.3,78.295,9311000.0
2018-02-16,78.2,77.53,78.75,78.37,9740300.0
2018-02-20,77.7,76.66,78.54,77.06,6875400.0
2018-02-21,77.2,76.465,78.496,76.51,8260400.0
2018-02-22,76.8,76.77,78.37,77.7,6632300.0
2018-02-23,78.26,77.391,79.7,79.69,7520700.0
2018-02-26,80.0,78.98,80.05,79.35,7130700.0
2018-02-27,79.11,78.61,79.929,79.46,8862000.0
2018-02-28,79.9,79.39,82.17,79.41,10799500.0
2018-03-01,79.6,77.88,80.44,78.64,8443300.0
2018-03-02,77.52,76.93,79.11,78.87,9426200.0
2018-03-05,78.07,77.09,79.42,79.07,6653000.0
2018-03-06,79.33,78.85,79.95,79.23,7477800.0
2018-03-07,78.65,78.01,79.555,79.52,5546700.0
2018-03-08,79.85,79.53,80.49,79.87,6878600.0
2018-03-09,80.26,80.11,80.85,80.71,7667600.0
2018-03-12,80.75,80.35,81.17,80.6,6607600.0
2018-03-13,80.69,79.27,80.99,80.2,6414700.0
2018-03-14,80.74,80.64,83.5,83.31,14281100.0
2018-03-15,83.75,81.57,83.99,82.57,9082000.0
2018-03-16,82.8,81.27,83.23,82.16,8356200.0
2018-03-19,80.89,79.11,81.44,80.3,9028900.0
2018-03-20,80.18,80.054,81.19,80.86,7388100.0
2018-03-21,80.94,80.51,82.35,81.04,6757200.0
2018-03-22,79.81,78.46,80.12,78.56,9608400.0
2018-03-23,78.5,76.35,78.97,76.44,9569100.0
2018-03-26,77.98,77.03,79.17,78.95,8682600.0
2018-03-27,79.59,75.65,79.9,76.31,7980300.0
2018-03-28,75.7,74.74,76.75,75.06,14370300.0
2018-03-29,75.31,74.55,77.2,75.87,11064300.0
2018-04-02,75.23,74.01,76.3,75.0,11417700.0
2018-04-03,75.28,73.35,75.41,74.56,8886000.0
2018-04-04,73.0,72.52,75.06,74.78,8230800.0
2018-04-05,75.59,75.48,77.82,76.95,10015700.0
2018-04-06,75.52,73.7,76.4,73.86,8179100.0
2018-04-09,74.6,74.6,76.88,75.19,7328400.0
2018-04-10,76.51,75.8,77.31,76.79,5882500.0
2018-04-11,76.2,76.08,77.4,76.5,4581000.0
2018-04-12,76.8,76.61,77.99,77.46,5034800.0
2018-04-13,78.0,76.83,78.63,77.27,5909900.0
2018-04-16,77.88,77.19,78.5,77.8,5101400.0
2018-04-17,78.55,78.5,80.43,80.03,7135700.0
2018-04-18,80.1,79.32,80.89,80.34,5943700.0
2018-04-19,80.2,79.19,80.39,79.68,7122700.0
2018-04-20,79.22,78.3,79.87,78.73,6265300.0
2018-04-23,78.86,77.99,79.45,78.21,4038500.0
2018-04-24,78.9,75.08,79.4,75.28,9186600.0
2018-04-25,75.39,73.7,75.575,74.0,10940300.0
2018-04-26,76.32,75.49,77.62,76.03,13625300.0
2018-04-27,76.21,73.635,76.39,74.13,9794300.0
2018-04-30,74.0,73.69,75.019,74.61,9444400.0
2018-05-01,74.15,73.6,74.99,74.81,5660200.0
2018-05-02,75.0,71.21,75.71,71.73,17710700.0
2018-05-03,71.3,70.22,73.77,73.45,17310700.0
2018-05-04,73.19,72.23,74.44,73.99,7470800.0
2018-05-07,74.22,74.1,75.12,74.67,7583700.0
2018-05-08,74.62,74.44,75.94,75.72,6267200.0
2018-05-09,76.08,75.46,77.05,77.01,6230500.0
2018-05-10,77.39,77.25,79.255,79.19,11541400.0
2018-05-11,79.25,78.08,79.39,79.2,9871300.0
2018-05-14,79.14,78.44,79.65,78.81,5821200.0
2018-05-15,77.85,76.93,78.2,77.79,6173500.0
2018-05-16,77.5,77.28,78.54,77.82,5350200.0
2018-05-17,77.63,77.59,81.16,79.19,8329500.0
2018-05-18,79.9,79.825,81.94,80.79,14626900.0
2018-05-21,81.61,80.37,82.32,81.25,7882100.0
2018-05-22,81.39,80.28,81.61,80.62,5188300.0
2018-05-23,79.66,79.405,81.12,81.08,5059800.0
2018-05-24,80.91,79.66,83.06,81.55,11696800.0
2018-05-25,82.65,80.49,82.72,80.96,9471300.0
2018-05-29,80.71,80.2,81.34,80.73,6924200.0
2018-05-30,81.161,80.9,82.06,81.6,5516200.0
2018-05-31,81.81,81.55,82.83,82.07,8250100.0
2018-06-01,82.55,81.85,83.46,83.25,7092100.0
2018-06-04,83.23,82.77,84.8,84.57,7423700.0
2018-06-05,84.5,84.01,85.2,85.05,9033600.0
2018-06-06,85.05,84.5,85.61,85.21,7867200.0
2018-06-07,85.21,82.31,85.3,83.27,7838600.0
2018-06-08,83.23,83.15,84.49,84.34,7430900.0
2018-06-11,84.45,83.79,84.59,83.89,4870400.0
2018-06-12,83.93,83.875,86.2,85.02,9216900.0
2018-06-13,85.5,84.68,86.0,85.27,7510300.0
2018-06-14,85.5,85.21,86.295,85.61,6643400.0
2018-06-15,85.33,84.1,85.69,85.31,8710800.0
2018-06-18,84.84,84.44,86.2,85.85,5579400.0
2018-06-19,84.64,83.43,84.96,84.52,6245100.0
2018-06-20,84.86,84.82,86.97,85.95,9174900.0
2018-06-21,86.5,85.45,87.55,85.97,8101300.0
2018-06-22,86.32,84.61,86.56,85.12,7503400.0
2018-06-25,84.08,81.21,84.47,82.19,10780100.0
2018-06-26,82.68,81.77,83.21,82.32,6742200.0
2018-06-27,82.55,80.453,82.97,80.67,8974100.0
2018-06-28,80.39,80.16,82.83,82.48,7374500.0
2018-06-29,82.75,82.61,83.66,83.27,6817000.0
2018-07-02,82.75,82.062,83.96,83.89,4929400.0
2018-07-03,84.36,83.15,84.9,83.27,3644100.0
2018-07-05,83.64,83.3,84.64,84.59,5287700.0
2018-07-06,84.41,83.94,86.0,85.94,5095500.0
2018-07-09,86.6,85.348,86.9,86.23,5683500.0
2018-07-10,86.72,85.77,86.72,86.17,3723200.0
2018-07-11,85.47,85.07,86.86,86.25,4153200.0
2018-07-12,87.2,86.8,89.19,89.13,6912300.0
2018-07-13,89.0,86.83,89.1,87.99,6106400.0
2018-07-16,88.26,87.48,88.341,87.77,4452300.0
2018-07-17,87.25,86.59,88.72,88.58,5086100.0
2018-07-18,88.7,87.68,88.93,88.22,4797100.0
2018-07-19,88.0,87.16,88.59,87.38,5612900.0
2018-07-20,87.32,87.14,88.0,87.47,7541500.0
2018-07-23,87.14,85.82,89.6,89.24,11759700.0
2018-07-24,90.6,90.413,92.35,91.41,13369400.0
2018-07-25,91.13,91.01,92.35,91.37,11976800.0
2018-07-26,88.51,87.25,90.68,89.14,14505600.0
2018-07-27,89.5,84.75,90.28,85.46,14903400.0
2018-07-30,85.5,81.85,85.5,82.39,13501500.0
2018-07-31,82.51,81.3,83.32,82.14,13462200.0
2018-08-01,82.24,82.01,83.98,83.46,11160400.0
2018-08-02,82.95,82.85,85.59,85.53,8327200.0
2018-08-03,85.99,84.15,86.2,85.19,6216400.0
2018-08-06,85.19,84.9,86.1,85.77,5702500.0
2018-08-07,86.3,85.95,86.99,86.3,4951200.0
2018-08-08,86.23,85.86,87.095,86.74,3888900.0
2018-08-09,86.91,86.48,88.09,87.17,5507000.0
2018-08-10,86.55,86.01,88.03,87.01,5796500.0
2018-08-13,87.42,86.96,88.5,87.01,6040100.0
2018-08-14,87.37,86.48,87.83,87.73,6107400.0
2018-08-15,86.78,84.61,87.25,85.19,8742900.0
2018-08-16,85.85,84.87,85.9,85.32,5967200.0
2018-08-17,85.1,84.22,85.77,85.45,6245000.0
2018-08-20,85.74,84.9,86.0,85.75,4103000.0
2018-08-21,85.82,85.82,87.38,86.22,5389600.0
2018-08-22,86.0,85.63,87.16,86.95,4265900.0
2018-08-23,86.72,86.67,88.175,87.38,4310000.0
2018-08-24,87.95,87.95,90.13,90.1,7403900.0
2018-08-27,90.68,89.78,91.32,89.97,5466700.0
2018-08-28,90.1,89.68,90.85,90.61,4643800.0
2018-08-29,90.78,90.78,92.94,92.62,7841800.0
2018-08-30,92.29,91.71,93.01,92.09,7146600.0
2018-08-31,91.84,91.8,92.74,92.33,4874400.0
2018-09-04,91.94,91.62,93.44,93.07,6466700.0
2018-09-05,92.98,88.7,93.0,89.05,10202199.999999998
2018-09-06,89.18,88.06,89.555,89.0,6840300.0
2018-09-07,88.13,87.39,89.68,88.82,5679500.0
2018-09-10,89.43,88.56,89.99,89.8,5466000.0
2018-09-11,89.83,89.035,91.71,91.43,7321900.0
2018-09-12,91.53,90.21,92.46,92.4,7213500.0
2018-09-13,92.6,92.06,93.7,92.19,8308300.0
2018-09-14,92.25,90.68,92.68,90.78,9342800.0
2018-09-17,90.66,88.51,91.3,88.68,9293800.0
2018-09-18,88.71,88.71,90.09,89.72,5820700.0
2018-09-19,90.1,88.238,90.74,89.31,5495100.0
2018-09-20,89.84,89.185,90.78,90.6,6561700.0
2018-09-21,91.05,90.42,92.0,90.62,25379400.0
2018-09-24,89.95,88.26,90.26,89.62,8303100.0
2018-09-25,89.62,89.275,90.38,90.04,5953400.0
2018-09-26,90.34,89.7,90.93,89.85,5936200.0
2018-09-27,90.61,88.86,90.7,88.99,6996600.0
2018-09-28,88.79,87.6,89.045,87.84,7920600.0
2018-10-01,88.13,87.4,88.8,87.55,9260600.0
2018-10-02,87.27,85.83,87.35,86.68,6488200.0
2018-10-03,87.4,86.37,87.95,87.15,6625000.0
2018-10-04,86.39,83.54,86.5,84.34,9077900.0
2018-10-05,84.21,82.32,84.84,83.18,10735800.0
2018-10-08,82.62,78.65,82.89,80.55,16872200.0
2018-10-09,80.65,79.44,81.84,80.03,9332400.0
2018-10-10,79.61,75.32,79.91,75.45,16920300.0
2018-10-11,76.81,74.66,77.785,75.9,21006500.0
2018-10-12,79.12,77.79,79.6,79.03,14131400.0
2018-10-15,78.88,77.22,79.14,77.23,8481100.0
2018-10-16,78.85,78.46,80.91,80.61,10060000.0
2018-10-17,81.19,79.5,81.39,80.09,10022600.0
2018-10-18,80.17,77.36,80.44,77.48,19748500.0
2018-10-19,83.75,82.92,86.17,84.78,34211900.0
2018-10-22,84.86,83.571,86.23,85.43,11254800.0
2018-10-23,83.2,82.99,87.8,87.57,14753800.0
2018-10-24,87.04,83.01,87.69,83.09,14754600.0
2018-10-25,84.24,83.56,86.51,85.96,9267600.0
2018-10-26,83.22,82.18,85.66,83.37,13969400.0
2018-10-29,84.74,78.99,85.24,81.15,12918800.0
2018-10-30,80.33,79.42,81.96,80.9,13100800.000000002
2018-10-31,82.37,82.3,85.35,84.19,11191800.0
2018-11-01,84.18,83.57,85.15,85.04,5952600.0
2018-11-02,85.46,82.65,86.104,83.51,7014400.0
2018-11-05,83.33,82.25,84.25,84.05,4622300.0
2018-11-06,84.1,83.72,85.31,84.69,4662500.0
2018-11-07,85.86,85.73,88.49,88.23,8672000.0
2018-11-08,87.7,87.68,89.06,89.04,7539000.0
2018-11-09,88.45,85.55,88.45,86.76,9105900.0
2018-11-12,86.17,83.3,86.65,83.78,6278200.0
2018-11-13,84.12,83.16,85.229,83.78,4731300.0
2018-11-14,84.98,83.07,85.14,84.05,6678100.0
2018-11-15,83.79,83.6,87.09,86.74,10001199.999999998
2018-11-16,86.0,84.83,86.72,85.06,7581000.0
2018-11-19,84.77,79.9,85.19,80.13,11455300.0
2018-11-20,77.0,75.47,79.08,77.76,14202100.0
2018-11-21,79.09,77.635,79.89,79.12,8522900.0
2018-11-23,78.09,77.9,79.71,77.95,3066900.0
2018-11-26,78.97,78.86,80.98,80.86,9292900.0
2018-11-27,81.0,80.205,82.0,81.97,5335200.0
2018-11-28,82.27,81.95,86.0,85.98,9342000.0
2018-11-29,85.37,83.79,85.675,84.26,6516600.0
2018-11-30,84.39,83.66,85.86,85.81,11273300.0
2018-12-03,87.29,87.19,88.84,87.98,10822500.0
2018-12-04,87.24,84.02,88.47,84.19,8249900.0
2018-12-06,81.82,81.29,85.86,85.82,10197700.0
2018-12-07,84.96,81.97,85.99,82.77,8419500.0
2018-12-10,83.25,82.76,85.5,84.93,9348200.0
2018-12-11,86.01,84.56,86.9,85.51,8159100.0
2018-12-12,86.84,86.5,88.46,86.5,10306800.0
2018-12-13,87.73,86.41,88.71,87.56,8877300.0
2018-12-14,86.38,85.42,87.94,85.92,6869100.0
2018-12-17,85.69,83.351,86.3,84.1,8368100.0
2018-12-18,84.7,84.62,86.37,85.51,9573000.0
2018-12-19,85.63,82.93,87.8,84.03,11258400.0
2018-12-20,83.78,80.82,84.87,82.44,12532900.0
2018-12-21,82.81,77.69,83.77,78.14,17704900.0
2018-12-24,77.48,76.7,79.32,77.06,6800500.0
2018-12-26,77.7,77.65,82.8,82.8,10994700.0
2018-12-27,81.33,80.24,84.36,84.31,7849100.0
2018-12-28,85.0,82.34,85.23,83.26,6850400.0
2018-12-31,84.24,82.55,84.48,84.09,7247700.0
2019-01-02,82.38,82.24,86.2,85.75,10146200.0
2019-01-03,84.36,81.91,84.75,82.09,9650700.0
2019-01-04,83.71,83.37,86.91,86.27,9234800.0
2019-01-07,86.42,86.02,87.55,86.93,11094100.0
2019-01-08,88.11,87.69,88.895,88.7,8307600.0
2019-01-09,88.81,88.5,90.315,89.55,9578300.0
2019-01-10,89.1,87.918,90.79,90.7,7478100.0
2019-01-11,90.11,90.1,91.144,90.65,7398200.0
2019-01-14,89.96,89.55,90.81,90.43,6084700.0
2019-01-15,90.64,90.19,91.91,91.6,10377900.0
2019-01-16,91.72,90.21,92.35,90.55,8475000.0
2019-01-17,90.25,89.81,90.87,90.4,10254500.0
2019-01-18,91.35,89.78,91.44,91.12,11958400.0
2019-01-22,90.33,89.09,90.97,89.94,7890300.0
2019-01-23,90.74,89.57,91.17,90.5,5595700.0
2019-01-24,90.67,90.55,92.99,92.2,9749100.0
2019-01-25,93.05,92.69,94.58,94.28,11664300.0
2019-01-28,93.3,90.69,93.42,92.3,7361100.0
2019-01-29,92.33,90.57,92.85,91.12,6399900.0
2019-01-30,92.02,90.9,93.34,92.42,11622800.0
2019-01-31,89.02,86.62,90.09,88.76,23729900.0
2019-02-01,88.36,88.25,90.5,90.01,10514600.0
2019-02-04,89.88,89.71,92.12,91.66,7084500.0
2019-02-05,91.91,91.36,92.35,92.27,5591300.0
2019-02-06,90.8,90.19,92.29,92.25,5939400.0
2019-02-07,91.11,90.01,91.71,90.85,7283800.0
2019-02-08,90.02,90.0,91.91,91.87,7642100.0
2019-02-11,92.25,92.15,93.75,92.69,6455900.0
2019-02-12,93.44,93.2,94.51,94.38,7497000.0
2019-02-13,94.59,93.844,96.04,94.01,8577900.0
2019-02-14,93.65,93.1,94.99,94.42,6579200.0
2019-02-15,95.0,94.45,95.43,94.91,6080200.0
2019-02-19,94.45,94.06,95.3,95.02,8092400.0
2019-02-20,95.0,93.98,95.72,94.73,8154100.0
2019-02-21,94.72,94.33,95.51,94.96,6410000.0
2019-02-22,95.24,95.07,96.0,95.98,4898000.0
2019-02-25,96.07,96.0,97.304,96.7,7470700.0
2019-02-26,96.34,95.53,96.82,96.59,5906400.0
2019-02-27,96.11,95.93,98.04,97.86,5565400.0
2019-02-28,97.66,97.08,98.525,98.07,6151800.0
2019-03-01,98.92,98.34,99.45,98.8,5434000.0
2019-03-04,98.03,95.34,98.5,96.57,7855800.0
2019-03-05,96.65,96.15,97.14,96.53,6321900.0
2019-03-06,96.52,95.91,97.28,96.46,3226500.0
2019-03-07,96.17,95.3,96.75,96.21,6170100.0
2019-03-08,95.04,94.51,95.77,95.69,4577700.0
2019-03-11,96.01,95.954,97.57,97.45,5387500.0
2019-03-12,98.0,96.9,98.08,97.5,5624500.0
2019-03-13,98.2,98.14,100.59,99.31,9356600.0
2019-03-14,99.46,98.93,99.67,99.03,5414700.0
2019-03-15,99.4,99.33,101.26,100.73,10960900.0
2019-03-18,101.21,99.37,101.83,100.27,6454000.0
2019-03-19,100.6,100.6,101.685,101.54,6965100.0
2019-03-20,101.45,100.84,103.05,102.31,6462900.0
2019-03-21,102.15,102.085,104.56,104.15,7216700.0
2019-03-22,103.87,101.25,104.0,101.27,7195000.0
2019-03-25,100.94,100.51,102.18,101.55,5117700.0
2019-03-26,102.34,101.75,103.285,103.15,4498000.0
2019-03-27,103.2,101.74,104.17,103.07,5450200.0
2019-03-28,103.45,102.67,104.01,103.86,4459900.0
2019-03-29,104.52,103.46,104.7,103.84,5625500.0
2019-04-01,104.99,103.85,105.76,105.55,6157200.0
2019-04-02,105.76,104.66,105.76,105.23,4177400.0
2019-04-03,105.91,104.49,105.97,104.69,5442400.0
2019-04-04,104.7,102.65,104.97,104.46,7996800.0
2019-04-05,104.84,104.62,105.8,105.73,8573800.0
2019-04-08,105.66,104.67,107.0,106.57,9261800.0
2019-04-09,106.06,105.83,107.51,106.93,7217100.0
2019-04-10,107.15,106.39,107.77,107.51,6561800.0
2019-04-11,107.51,105.91,107.74,106.46,7681000.0
2019-04-12,107.03,106.41,108.54,108.48,6997700.0
2019-04-15,108.58,107.31,109.0,108.14,4480100.0
2019-04-16,108.8,107.58,108.8,108.2,3766100.0
2019-04-17,107.805,107.25,108.86,108.81,5353700.0
2019-04-18,108.36,105.08,108.45,107.36,10220700.0
2019-04-22,106.79,106.02,107.18,106.81,6408500.0
2019-04-23,107.1,106.44,107.51,106.9,8564200.0
2019-04-24,107.11,106.42,108.39,107.22,9553100.0
2019-04-25,108.52,108.52,110.92,110.22,10959400.0
2019-04-26,109.72,107.88,110.57,110.56,7683200.0
2019-04-29,110.7,110.44,113.0,112.44,6989300.0
2019-04-30,112.44,111.2,113.22,112.77,6489400.0
2019-05-01,113.21,110.92,113.69,110.94,5442200.0
2019-05-02,110.6,108.91,111.16,109.7,5272400.0
2019-05-03,110.57,110.25,112.12,111.96,4660500.0
2019-05-06,109.44,108.58,111.12,110.85,4722600.0
2019-05-07,110.17,107.64,110.17,108.95,6178700.0
2019-05-08,108.58,108.15,109.88,109.07,4118000.0
2019-05-09,108.1,107.248,110.133,109.73,4657300.0
2019-05-10,109.22,107.46,110.68,110.41,3750900.0
2019-05-13,107.6,106.52,108.63,106.83,5657900.0
2019-05-14,107.56,107.35,110.4,109.09,4559700.0
2019-05-15,108.59,108.31,111.93,111.5,5315300.0
2019-05-16,111.2,111.16,114.66,113.87,6031800.0
2019-05-17,113.07,112.242,114.25,112.8,4512400.0
2019-05-20,111.97,111.23,113.31,112.15,3631600.0
2019-05-21,112.67,111.686,113.12,112.43,4001400.0
2019-05-22,112.28,112.21,113.96,112.47,3091700.0
2019-05-23,111.47,109.06,111.71,109.9,7183600.0
2019-05-24,110.84,109.46,111.24,109.85,4832500.0
2019-05-28,110.57,110.5,113.14,111.79,6568300.0
2019-05-29,110.75,109.31,110.97,110.08,8166200.0
2019-05-30,110.64,110.09,111.57,111.41,3871800.0
2019-05-31,110.33,108.74,110.8,109.75,4913500.0
2019-06-03,111.09,103.96,111.09,105.52,11261200.0
2019-06-04,106.83,105.78,108.83,108.73,7280400.0
2019-06-05,110.04,109.46,110.88,110.77,6220200.0
2019-06-06,111.11,110.27,112.04,111.78,4744000.0
2019-06-07,112.3,112.08,115.14,114.02,5916400.0
2019-06-10,115.1,114.85,117.35,115.62,6483600.0
2019-06-11,116.97,113.295,117.45,114.6,5038900.0
2019-06-12,114.59,113.47,114.89,114.5,3914400.0
2019-06-13,114.82,114.59,115.82,115.72,4089400.0
2019-06-14,115.91,115.27,116.73,116.17,4242000.0
2019-06-17,116.58,116.37,117.335,117.16,4621600.0
2019-06-18,118.6,115.84,118.646,115.98,6793300.0
2019-06-19,116.0,115.22,117.34,117.14,5166000.0
2019-06-20,118.85,117.84,119.95,118.79,5437500.0
2019-06-21,116.08,115.97,117.28,116.21,10651500.0
2019-06-24,116.51,115.66,116.773,116.5,3369800.0
2019-06-25,116.58,113.39,116.96,114.44,5393700.0
2019-06-26,115.7,114.115,116.38,114.15,4637300.0
2019-06-27,114.51,113.08,114.87,113.67,5139300.0
2019-06-28,114.24,113.33,114.62,114.46,6679800.0
2019-07-01,116.72,114.35,116.75,115.03,5709700.0
2019-07-02,115.18,114.58,116.2,116.17,4153900.0
2019-07-03,116.88,116.06,117.72,117.68,3288900.0
2019-07-05,116.54,114.69,117.4,117.16,3801700.0
2019-07-08,116.34,115.14,117.225,116.95,4983600.0
2019-07-09,116.37,116.25,118.62,118.37,4739000.0
2019-07-10,119.11,118.78,120.2,119.64,5879700.0
2019-07-11,120.17,119.24,120.75,120.65,4999700.0
2019-07-12,120.92,119.31,121.0,120.12,4540300.0
2019-07-15,120.77,119.8,121.04,120.9,3721000.0
2019-07-16,121.1,119.53,121.48,119.71,4006600.0
2019-07-17,119.65,118.8,119.99,118.81,4627500.0
2019-07-18,118.99,118.63,120.8,119.87,4440700.0
2019-07-19,120.74,118.6,121.36,118.63,4916200.0
2019-07-22,118.99,118.12,119.21,118.69,5676600.0
2019-07-23,119.42,118.695,120.27,120.22,5016000.0
2019-07-24,120.0,118.93,121.33,121.3,8969800.0
2019-07-25,116.75,113.23,117.55,115.12,19417200.0
2019-07-26,115.71,114.34,116.35,115.49,7995500.0
2019-07-29,113.5,111.22,114.28,111.45,13820200.0
2019-07-30,110.79,108.77,112.29,112.04,8456000.0
2019-07-31,112.2,109.43,112.3,110.4,10096200.0
2019-08-01,110.45,109.665,112.45,110.8,9436100.0
2019-08-02,109.47,105.83,109.65,107.09,10466899.999999998
2019-08-05,103.76,102.41,105.39,103.6,11745400.0
2019-08-06,105.0,104.48,106.0,105.03,7740500.0
2019-08-07,104.06,103.3,107.16,106.63,7622000.0
2019-08-08,107.35,106.08,108.14,106.79,7815000.0
2019-08-09,106.4,104.45,106.52,104.82,7777300.0
2019-08-12,104.01,102.21,104.38,102.72,7897900.0
2019-08-13,103.39,102.68,106.7,106.04,9788400.0
2019-08-14,104.17,102.44,105.13,103.27,9538800.0
2019-08-15,103.9,103.13,105.79,104.95,6975800.0
2019-08-16,106.08,105.55,106.61,106.16,5840900.0
2019-08-19,108.0,106.83,108.44,107.67,5718300.0
2019-08-20,107.91,107.02,108.58,107.37,4358600.0
2019-08-21,108.54,108.398,110.02,109.82,5415900.0
2019-08-22,110.08,107.65,110.29,108.77,3863600.0
2019-08-23,108.93,105.51,110.14,106.04,7456400.0
2019-08-26,107.11,106.29,107.83,107.66,3666900.0
2019-08-27,108.39,106.95,108.72,107.45,4937400.0
2019-08-28,106.71,105.35,107.63,107.47,3256100.0
2019-08-29,108.96,108.78,109.76,109.21,3930900.0
2019-08-30,110.13,108.54,110.97,109.05,3957900.0
2019-09-03,107.92,106.46,108.86,106.75,4037700.0
2019-09-04,107.75,107.29,109.235,108.73,3691200.0
2019-09-05,110.0,109.51,111.63,111.46,5348700.0
2019-09-06,111.66,109.62,111.67,110.05,4675800.0
2019-09-09,110.62,103.9,110.77,105.43,10959000.000000002
2019-09-10,104.77,101.31,104.95,103.05,13428000.0
2019-09-11,104.15,103.11,104.48,104.02,7006300.0
2019-09-12,105.71,105.49,107.915,107.1,11585399.999999998
2019-09-13,106.66,105.25,107.29,107.0,8390200.0
2019-09-16,106.13,105.99,108.01,106.52,5215600.0
2019-09-17,106.81,106.46,107.895,107.5,4097400.0
2019-09-18,107.78,103.73,107.8,105.6,6624300.0
2019-09-19,105.64,105.6,107.02,106.12,5017100.0
2019-09-20,104.71,103.91,105.46,104.64,10427300.0
2019-09-23,104.73,104.35,105.32,105.11,3312800.0
2019-09-24,105.41,102.73,106.1,103.69,6367900.0
2019-09-25,103.34,101.54,104.463,104.14,5457300.0
2019-09-26,104.43,103.22,104.87,104.55,4719800.0
2019-09-27,104.87,101.1,105.17,102.2,7189400.0
2019-09-30,102.68,101.48,104.07,103.59,7390700.0
2019-10-01,104.0,102.23,104.641,102.53,5694500.0
2019-10-02,101.81,99.36,101.83,99.73,7879000.0
2019-10-03,99.54,98.61,101.31,101.03,4846100.0
2019-10-04,101.84,100.84,102.98,102.79,5458000.0
2019-10-07,102.11,101.52,102.607,101.62,3711300.0
2019-10-08,100.85,99.25,101.15,99.33,7027600.0
2019-10-09,99.44,99.385,100.69,99.89,4988600.0
2019-10-10,99.4,99.4,101.0,100.54,4281600.0
2019-10-11,101.78,101.47,103.96,101.58,4762900.0
2019-10-14,101.59,101.367,102.35,101.75,2953500.0
2019-10-15,102.01,101.9,103.66,103.59,4579600.0
2019-10-16,103.0,101.9,103.23,103.09,4327000.0
2019-10-17,103.89,102.84,104.34,103.63,3996300.0
2019-10-18,103.92,100.75,104.32,101.22,7260700.0
2019-10-21,102.36,100.465,102.73,101.44,6694400.0
2019-10-22,101.36,97.115,101.95,97.36,11298100.0
2019-10-23,97.42,94.77,97.6,96.64,16470200.0
2019-10-24,106.075,103.19,106.98,104.91,23689200.0
2019-10-25,104.46,104.42,107.49,107.19,12070900.0
2019-10-28,107.99,106.45,108.46,106.6,7004200.0
2019-10-29,106.84,104.695,107.02,105.0,5420900.0
2019-10-30,105.29,103.96,106.6,106.5,4204900.0
2019-10-31,106.47,103.26,106.5,104.1,7200500.0
2019-11-01,104.7,103.93,105.3,104.98,5489500.0
2019-11-04,105.72,102.605,105.76,102.81,5818400.0
2019-11-05,103.05,100.285,103.25,100.99,9236200.0
2019-11-06,101.2,100.17,101.34,100.63,7331900.0
2019-11-07,100.94,100.29,101.72,100.47,9088400.0
2019-11-08,100.025,99.6,101.71,101.42,5451300.0
2019-11-11,101.04,100.66,103.04,102.67,5391000.0
2019-11-12,102.97,100.92,103.09,102.03,6715200.0
2019-11-13,102.0,101.63,103.6,102.12,5246600.0
2019-11-14,101.87,101.37,103.85,103.73,4978400.0
2019-11-15,104.35,103.105,104.48,104.2,5639600.0
2019-11-18,103.85,102.98,104.2,103.66,4830400.0
2019-11-19,104.08,104.008,106.17,104.95,7954100.0
2019-11-20,105.22,103.12,105.38,104.09,5953500.0
2019-11-21,103.0,102.15,104.47,102.55,7524800.0
2019-11-22,102.92,100.72,103.23,101.77,6448800.0
2019-11-25,102.38,102.06,104.57,104.45,8336100.0
2019-11-26,104.8,104.5,106.78,106.2,13126400.0
2019-11-27,106.89,106.8,108.24,107.75,7553400.0
2019-11-29,107.97,106.9,108.39,108.01,4439500.0
2019-12-02,107.96,104.65,108.49,106.21,7182600.0
2019-12-03,105.0,104.51,106.13,105.59,8947500.0
2019-12-04,106.29,104.655,106.29,105.0,7848700.0
2019-12-05,105.45,104.11,105.5,104.59,5635800.0
2019-12-06,104.79,104.16,105.344,104.34,7018000.0
2019-12-09,104.6,103.6,105.1,103.78,5641300.0
2019-12-10,103.77,103.26,104.13,103.62,5316500.0
2019-12-11,103.72,103.59,105.87,105.51,5779700.0
2019-12-12,105.21,104.13,106.22,105.67,6379500.0
2019-12-13,105.83,105.52,107.905,107.65,6998800.0
2019-12-16,108.4,108.35,109.828,109.57,8465400.0
2019-12-17,109.57,107.67,109.6,108.46,8165900.0
2019-12-18,108.86,107.76,109.47,107.83,6477900.0
2019-12-19,107.8,107.46,108.94,108.88,6590000.0
2019-12-20,109.28,108.13,109.62,108.75,9823200.0
2019-12-23,109.05,108.38,109.45,108.61,4659000.0
2019-12-24,108.64,108.38,109.26,108.69,1680000.0
2019-12-26,109.13,108.57,109.75,109.75,4049900.0
2019-12-27,110.167,108.9,110.18,109.4,3379600.0
2019-12-30,109.52,107.73,109.6,107.97,3769200.0
2019-12-31,107.54,107.2,108.45,108.17,4080500.0
2020-01-02,109.47,109.275,111.21,110.75,7418800.0
2020-01-03,109.49,108.76,110.42,108.76,7098300.0
2020-01-06,107.57,107.44,110.22,110.17,6764500.0
2020-01-07,111.5,109.53,111.56,109.67,6898700.0
2020-01-08,110.4,109.82,112.64,111.82,8293600.0
2020-01-09,112.99,111.59,113.56,112.57,5944700.0
2020-01-10,113.64,112.27,113.71,112.93,6965100.0
2020-01-13,113.98,113.86,115.88,115.28,9652500.0
2020-01-14,115.515,114.12,115.59,114.64,7182000.0
2020-01-15,115.14,114.61,115.95,114.85,5955200.0
2020-01-16,115.92,114.85,116.0,115.4,4770900.0
2020-01-17,116.45,115.47,116.7,116.04,9730400.0
2020-01-21,115.31,115.11,116.39,116.15,8746200.0
2020-01-22,116.73,115.47,117.45,115.5,5305300.0
2020-01-23,117.4,115.8,117.94,117.89,8533900.0
2020-01-24,118.45,116.51,119.6,116.98,7124000.0
2020-01-27,113.63,112.31,115.98,115.24,7002300.0
2020-01-28,115.83,114.715,117.21,116.52,6433000.0
2020-01-29,117.47,115.16,117.53,116.66,9236800.0
2020-01-30,112.79,112.42,117.2,117.12,13653300.000000002
2020-01-31,116.75,113.15,117.32,113.89,9467200.0
2020-02-03,114.3,114.05,117.24,116.51,8236600.0
2020-02-04,118.04,117.3,120.34,120.08,7396800.0
2020-02-05,121.2,118.891,122.19,119.72,7595300.0
2020-02-06,120.09,119.47,120.6,119.89,4020300.0
2020-02-07,119.6,118.41,119.67,118.88,4166300.0
2020-02-10,118.56,118.5,120.15,120.06,4868000.0
2020-02-11,120.76,118.4,121.0,118.84,4677400.0
2020-02-12,118.85,117.87,119.91,118.56,6482300.0
2020-02-13,118.04,117.8,121.1,120.51,6066300.0
2020-02-14,120.89,120.8,123.0,122.99,5769900.0
2020-02-18,122.58,121.68,122.99,122.27,5085700.0
2020-02-19,122.63,122.3,124.45,123.91,4878600.0
2020-02-20,123.86,120.4,124.31,122.43,7212900.0
2020-02-21,121.72,118.53,121.85,119.49,5894500.0
2020-02-24,114.29,113.52,116.79,116.44,10139300.0
2020-02-25,115.67,109.33,116.415,109.66,13636100.0
2020-02-26,109.81,108.6,112.63,109.11,10301800.000000002
2020-02-27,106.3,106.3,112.05,107.84,15461900.000000002
2020-02-28,104.26,103.72,108.73,107.99,17216000.0
2020-03-02,107.46,106.53,113.05,112.86,13367000.0
2020-03-03,112.82,108.26,114.56,109.76,11908600.0
2020-03-04,112.04,110.62,115.39,115.3,8245200.0
2020-03-05,112.03,111.24,114.9,112.18,7671500.0
2020-03-06,107.95,107.58,111.57,110.89,8524300.0
2020-03-09,102.72,99.71,106.99,101.63,12458900.0
2020-03-10,105.3,103.17,109.74,109.74,11748500.0
2020-03-11,106.65,101.98,107.75,103.9,10756400.0
2020-03-12,96.56,94.5,104.78,96.96,20114400.0
2020-03-13,100.52,99.78,110.6,110.15,19170600.000000004
2020-03-16,94.0,91.23,103.155,92.72,16204900.000000002
2020-03-17,94.5,90.52,101.08,97.87,17969400.000000004
2020-03-18,91.855,86.15,95.1,91.46,16073300.000000002
2020-03-19,91.56,87.04,98.06,93.69,12181600.000000002
2020-03-20,95.64,86.21,96.23,86.68,14874400.000000002
2020-03-23,86.29,82.07,88.15,85.26,12969700.0
2020-03-24,89.4,89.4,98.0,97.29,13936500.0
2020-03-25,97.43,95.27,100.42,95.71,11814400.0
2020-03-26,96.31,95.635,100.93,100.63,9451200.0
2020-03-27,97.0,93.06,97.105,93.48,11312000.0
2020-03-30,95.5,94.37,98.26,97.03,8948600.0
2020-03-31,96.38,94.87,99.431,95.74,9881400.0
2020-04-01,92.72,90.38,94.67,91.38,9628400.0
2020-04-02,91.1,90.92,94.68,93.52,7077200.0
2020-04-03,92.79,89.88,92.95,92.39,7699500.0
2020-04-06,97.8,96.26,102.5,101.67,11999000.0
2020-04-07,105.255,99.9,106.23,100.28,10291500.0
2020-04-08,101.61,100.75,105.505,105.06,9385900.0
2020-04-09,105.63,104.78,108.7,105.84,10894900.0
2020-04-13,104.85,102.34,106.29,105.98,7716200.0
2020-04-14,109.0,107.93,110.98,109.785,8417900.0
2020-04-15,107.46,106.42,109.09,107.95,7821000.0
2020-04-16,109.5,106.57,109.525,108.31,9575600.0
2020-04-17,110.3,110.054,112.12,111.85,11069800.0
2020-04-20,110.9,110.025,114.3,112.17,10730700.0
2020-04-21,111.12,107.41,112.85,107.54,11736600.0
2020-04-22,110.29,109.91,116.0,115.19,12879900.0
2020-04-23,115.94,115.0,118.385,115.24,7563200.0
2020-04-24,115.47,115.4,120.47,120.18,10680400.000000002
2020-04-27,121.25,120.055,122.387,120.53,6678200.0
2020-04-28,121.66,115.903,122.0,116.14,9192300.0
2020-04-29,119.3,118.645,124.03,123.58,9891500.0
2020-04-30,121.35,120.62,123.45,123.0,7567800.0
2020-05-01,119.85,119.43,122.7,120.61,5613800.0
2020-05-04,121.26,120.31,124.18,123.66,7674400.0
2020-05-05,124.94,124.85,127.94,125.43,9241900.0
2020-05-06,127.05,126.12,129.59,128.31,14031200.0
2020-05-07,139.92,139.28,147.2,146.29,35487900.0
2020-05-08,143.25,142.11,146.4,144.96,13169400.0
2020-05-11,142.96,142.18,145.27,143.96,10268500.0
2020-05-12,144.0,140.91,145.65,141.03,9757600.0
2020-05-13,140.2,139.61,145.1,143.73,11142600.0
2020-05-14,142.07,141.43,144.7,144.41,9272900.0
2020-05-15,142.9,141.63,145.89,145.51,8361200.0
2020-05-18,148.125,145.99,149.18,146.24,8580500.0
2020-05-19,146.75,145.22,149.72,145.39,7779100.0
2020-05-20,148.0,147.9,151.08,150.94,7811300.0
2020-05-21,150.58,148.04,150.74,148.22,5612700.0
2020-05-22,148.26,147.36,151.0,150.86,5724100.0
2020-05-26,154.12,146.29,154.55,147.0,10267500.0
2020-05-27,145.48,140.02,146.4,145.96,9554800.0
2020-05-28,144.73,144.51,151.945,148.79,10026700.0
2020-05-29,150.5,148.93,155.33,155.01,10156099.999999998
2020-06-01,154.9,153.05,155.97,154.53,5658300.0
2020-06-02,156.0,154.61,157.6,157.49,6344400.0
2020-06-03,157.49,155.12,158.271,156.78,6732800.0
2020-06-04,156.7,153.635,159.48,154.6,7554500.0
2020-06-05,152.98,150.0,156.34,156.0,8446100.0
2020-06-08,154.28,153.11,156.21,156.09,5494400.0
2020-06-09,155.79,155.595,158.21,156.86,7265600.0
2020-06-10,157.6,157.6,160.89,159.91,5881800.0
2020-06-11,158.34,152.915,159.5,153.04,9041700.0
2020-06-12,157.06,151.89,157.21,155.26,7035700.0
2020-06-15,152.63,152.22,157.92,157.55,5115000.0
2020-06-16,160.19,158.3,162.83,161.22,6537300.0
2020-06-17,162.84,161.66,164.96,163.83,5579800.0
2020-06-18,164.72,164.31,168.83,168.05,8583700.0
2020-06-19,170.6,164.01,171.12,164.36,11332700.0
2020-06-22,165.58,165.55,170.9,170.26,7793800.0
2020-06-23,172.0,170.4,175.4,172.79,7693900.0
2020-06-24,170.595,164.29,173.48,168.0,8931800.0
2020-06-25,169.0,168.19,172.78,172.5,6650700.0
2020-06-26,173.71,168.6,173.71,170.87,8158700.0
2020-06-29,171.48,165.56,171.48,168.35,5423700.0
2020-06-30,170.7,169.41,174.69,174.23,6831900.0
2020-07-01,174.625,172.56,178.235,177.43,6869600.0
2020-07-02,179.69,176.72,179.8,177.21,5943600.0
2020-07-06,180.29,174.46,181.24,176.18,8348300.0
2020-07-07,177.69,176.31,179.95,177.28,5529400.0
2020-07-08,178.89,178.5,182.64,181.57,7233500.0
2020-07-09,183.4,179.15,183.99,183.23,6340000.0
2020-07-10,181.63,177.13,182.52,178.4,7583200.0
2020-07-13,180.42,170.74,180.66,171.51,10234800.0
2020-07-14,168.75,164.33,172.6,172.3,10624500.000000002
2020-07-15,172.99,169.01,173.36,172.06,6659700.0
2020-07-16,169.9,166.5,171.34,169.81,6630600.0
2020-07-17,171.5,169.54,174.56,173.92,7354000.0
2020-07-20,174.65,172.68,179.64,178.82,6025000.0
2020-07-21,179.25,174.32,179.46,175.58,5701800.0
2020-07-22,176.16,175.73,179.49,178.42,4669000.0
2020-07-23,178.15,171.94,180.75,173.86,13999215.0
2020-07-24,171.08,169.08,173.6,172.56,6256100.0
2020-07-27,173.92,172.39,178.46,177.98,13257238.0
2020-07-28,178.01,176.01,179.58,176.27,6125700.0
2020-07-29,178.45,178.27,185.44,184.6,15436600.0
2020-07-30,191.81,189.131,198.66,192.51,16803600.0
2020-07-31,193.05,191.69,196.35,196.07,10865400.0
2020-08-03,198.25,195.22,199.4,197.07,15917400.000000002
2020-08-04,196.35,195.521,199.1,197.33,5771600.0
2020-08-05,199.0,198.09,204.23,202.91,7565800.0
2020-08-06,202.0,198.88,204.16,204.09,5821400.0
2020-08-07,203.71,196.7,203.951,198.63,6521200.0
2020-08-10,198.699997,191.690002,199.850006,193.320007,8792200.0
2020-08-11,192.0,186.520004,193.535004,189.029999,9155300.0
2020-08-12,190.0,189.399994,192.509995,191.320007,7940000.0
2020-08-13,192.100006,191.479996,195.130005,193.070007,10082400.0
2020-08-14,195.190002,190.509995,195.468994,191.460007,4848000.0
2020-08-17,193.919998,193.25,197.419998,196.289993,6279300.0
2020-08-18,197.729996,194.0,198.75,194.570007,5362500.0
2020-08-19,195.059998,191.919998,196.839996,192.440002,6865300.0
2020-08-20,192.06,191.51,198.7,198.18,6803430.0
2020-08-21,197.929993,196.220001,199.100006,196.789993,6092500.0
2020-08-24,200.0,196.570007,201.098999,198.880005,5404100.0
2020-08-25,198.490005,196.240005,201.960007,201.669998,5108200.0
2020-08-26,202.529999,200.25,205.350006,203.479996,6072200.0
2020-08-27,206.809998,202.300003,207.0,204.339996,6051900.0
2020-08-28,205.416,202.419998,205.416,204.479996,4581300.0
2020-08-31,203.699997,202.298004,205.251999,204.139999,5628700.0
2020-09-01,205.589996,205.145004,209.880005,208.929993,6237900.0
2020-09-02,211.621994,204.600006,212.449997,210.820007,7219500.0
2020-09-03,205.690002,194.949997,206.589996,204.990005,16006900.000000002
2020-09-04,200.985001,182.850006,201.839996,191.839996,17034100.0
2020-09-08,184.699997,184.699997,191.75,185.949997,9282400.0
2020-09-09,191.0,187.300003,195.75,194.600006,8542000.0
2020-09-10,196.089996,187.839996,198.220001,190.089996,6580700.0
2020-09-11,191.462006,180.929993,192.100006,184.0,8110400.0
2020-09-14,186.0,184.380005,188.600006,186.960007,7053100.0
2020-09-15,190.050003,184.179993,190.449997,186.020004,7763400.0
2020-09-16,187.095001,180.669998,189.339996,180.910004,8170100.0
2020-09-17,176.630005,173.789993,178.740005,175.789993,11840100.0
2020-09-18,176.699997,171.630005,178.25,176.070007,13557200.0
2020-09-21,174.839996,174.080002,183.449997,183.210007,13765600.0
2020-09-22,186.789993,182.184998,188.059998,187.779999,8939300.0
2020-09-23,188.389999,181.100006,188.470001,181.610001,6782400.0
2020-09-24,180.169998,179.600006,184.899994,182.190002,7374500.0
2020-09-25,182.399994,180.130005,187.919998,187.25,7606500.0
2020-09-28,191.0,188.089996,192.470001,192.020004,7590600.0
2020-09-29,192.639999,191.110001,195.779999,194.5,6732600.0
2020-09-30,194.059998,193.311005,198.720001,197.029999,7938000.0
2020-10-01,199.259995,196.220993,201.270004,196.940002,7268900.0
2020-10-02,192.729996,189.25,196.210007,191.910004,6546400.0
2020-10-05,193.550003,192.160004,196.910004,196.850006,5024100.0
2020-10-06,196.130005,190.880005,197.369995,191.660004,5921800.0
2020-10-07,193.910004,193.330002,195.710007,194.610001,4228700.0
2020-10-08,196.75,192.669998,196.869995,193.059998,5582600.0
2020-10-09,194.360001,192.600006,197.350006,197.270004,7082400.0
2020-10-12,199.869995,196.632004,204.080002,201.509995,10603200.0
2020-10-13,202.440002,200.110001,209.020004,207.740005,8145300.0
2020-10-14,208.203995,200.5,208.947998,203.600006,8591800.0
2020-10-15,199.990005,198.128006,203.479996,203.139999,7626700.0
2020-10-16,204.440002,202.220001,207.470001,204.449997,9662200.0
2020-10-19,205.520004,199.100006,207.229996,200.059998,6566700.0
2020-10-20,201.139999,200.309998,205.470001,201.960007,4867700.0
2020-10-21,208.300003,206.020004,215.830002,213.070007,17247200.0
2020-10-22,211.899994,202.139999,212.339996,203.929993,12398300.0
2020-10-23,206.240005,201.210007,206.240005,203.039993,6644700.0
2020-10-26,200.660004,195.050003,203.889999,197.220001,7716000.0
2020-10-27,198.789993,197.720001,201.320007,200.429993,4754400.0
2020-10-28,196.960007,191.5,198.389999,192.309998,8050000.0
2020-10-29,194.080002,192.309998,197.589996,195.039993,7627100.0
2020-10-30,193.289993,182.919998,195.330002,186.130005,12029700.000000002
2020-11-02,189.009995,185.050003,192.705002,187.759995,14386000.000000002
2020-11-03,177.940002,174.809998,188.75,179.809998,31656000.0
2020-11-04,186.759995,184.110001,195.0,194.289993,16107000.0
2020-11-05,202.300003,199.369995,204.919998,204.559998,15188500.0
2020-11-06,204.600006,198.550003,204.919998,202.729996,8075100.0
2020-11-09,195.740005,184.440002,196.070007,184.720001,18986400.0
2020-11-10,184.979996,178.600006,186.710007,183.360001,13144300.0
2020-11-11,187.498001,186.399994,193.100006,192.339996,9151700.0
2020-11-12,193.949997,188.429993,194.899994,189.100006,7096100.0
2020-11-13,191.106995,186.850006,191.729996,188.619995,6017200.0
2020-11-16,185.190002,183.539993,192.380005,191.940002,10127800.0
2020-11-17,192.130005,190.630005,194.630005,192.300003,6448800.0
2020-11-18,192.589996,189.539993,192.949997,190.119995,8095400.0
2020-11-19,190.820007,189.570007,192.75,190.899994,9391500.0
2020-11-20,192.470001,190.960007,194.729996,192.669998,11514100.0
2020-11-23,194.529999,193.919998,202.160004,200.820007,12020000.0
2020-11-24,204.0,198.860001,207.078995,206.0,14781600.0
2020-11-25,206.289993,206.229996,216.070007,214.460007,13817500.0
2020-11-27,213.199997,208.619995,213.839996,211.389999,5363200.0
2020-11-30,212.509995,207.089996,215.830002,214.119995,12976100.000000002
2020-12-01,217.149994,214.339996,220.570007,216.539993,10147000.0
2020-12-02,215.600006,210.5,215.75,212.559998,7537400.0
2020-12-03,213.330002,213.110001,216.929993,214.539993,7645200.0
2020-12-04,214.880005,213.009995,218.552994,217.770004,6214600.0
2020-12-07,217.389999,216.309998,219.320007,217.929993,5363400.0
2020-12-08,216.324997,215.570007,218.720001,216.940002,5419600.0
2020-12-09,217.0,209.25,218.940002,210.800003,7807500.0
2020-12-10,208.360001,206.649994,216.229996,215.339996,6556800.0
2020-12-11,213.389999,210.419998,215.0,214.059998,4283400.0
2020-12-14,215.949997,215.0,223.160004,220.789993,9759400.0
2020-12-15,221.929993,217.119995,222.309998,221.600006,6508100.0
2020-12-16,224.800003,224.610001,231.149994,230.199997,10109999.999999998
2020-12-17,234.509995,232.399994,238.100006,235.509995,8914100.0
2020-12-18,236.660004,232.279999,237.169998,236.449997,11534700.0
2020-12-21,232.619995,232.201004,239.751007,237.720001,8156000.0
2020-12-22,240.164993,238.089996,243.679993,243.490005,6331700.0
2020-12-23,243.600006,238.330002,244.25,239.440002,6421300.0
2020-12-24,240.360001,238.089996,242.119995,238.639999,3053800.0
2020-12-28,243.5,235.25,243.5,235.729996,7079500.0
2020-12-29,236.0,229.679993,236.25,231.029999,8316100.0
2020-12-30,232.190002,230.020004,233.839996,231.509995,6017600.0
2020-12-31,232.0,229.690002,234.690002,234.199997,5000900.0
2021-01-04,237.800003,227.535004,237.996994,231.919998,8148700.0
2021-01-05,230.470001,229.800003,235.639999,234.910004,5047800.0
2021-01-06,228.940002,225.701996,232.490005,226.830002,9211700.0
2021-01-07,229.460007,229.220001,235.600006,235.039993,7107900.0
2021-01-08,237.429993,236.069,242.910004,242.460007,6764200.0
2021-01-11,238.039993,234.089996,240.839996,237.5,5073100.0
2021-01-12,237.619995,233.830002,238.800003,237.639999,4145600.0
2021-01-13,236.570007,236.539993,247.440002,244.899994,7354900.0
2021-01-14,246.869995,241.539993,249.850006,242.059998,6976700.0
2021-01-15,242.25,235.033997,244.563004,239.789993,8373300.0
2021-01-19,243.300003,241.0,248.740005,247.25,7436800.0
2021-01-20,248.850006,244.139999,249.649994,244.259995,5803200.0
2021-01-21,246.669998,243.580002,250.369995,248.639999,10336600.0
2021-01-22,246.649994,246.199997,254.389999,252.0,7791600.0
2021-01-25,253.800003,242.220001,254.389999,247.75,8499400.0
2021-01-26,246.899994,240.029999,248.759995,241.0,7883000.0
2021-01-27,234.699997,225.0,235.399994,229.940002,11787000.0
2021-01-28,235.0,232.210007,241.554993,237.789993,8295500.0
2021-01-29,238.649994,232.660004,240.869995,234.309998,9805800.0
2021-02-01,238.369995,235.399994,244.139999,241.850006,7788200.0
2021-02-02,243.610001,240.529999,250.190002,249.100006,7082800.0
2021-02-03,253.960007,247.389999,254.315002,251.899994,13545700.0
2021-02-04,265.339996,260.850006,274.940002,270.429993,23840900.0
2021-02-05,268.609985,264.709991,270.0,269.440002,7967200.0
2021-02-08,276.880005,274.623993,282.699005,282.170013,10065500.0
2021-02-09,280.380005,276.51001,286.890015,284.200012,8697000.0
2021-02-10,285.100006,278.401001,286.079987,283.179993,9364500.0
2021-02-11,287.329987,281.600006,302.100006,285.029999,21371100.0
2021-02-12,292.640015,289.320007,299.339996,298.369995,11882200.0
2021-02-16,306.399994,298.179993,309.140015,304.790009,13597700.000000002
2021-02-17,297.630005,290.559998,301.5,297.200012,9879800.0
2021-02-18,291.130005,285.029999,292.970001,290.809998,9715500.0
2021-02-19,292.119995,285.459991,293.940002,286.920013,9413800.0
2021-02-22,281.420013,273.290009,285.0,273.850006,13132500.0
2021-02-23,259.690002,252.559998,267.25,265.0,20440299.999999996
2021-02-24,266.105011,259.100006,268.665985,266.070007,10840000.0
2021-02-25,262.76001,251.419998,266.0,253.940002,13403300.0
2021-02-26,257.450012,253.113998,261.859985,259.850006,11915200.000000002
2021-03-01,268.894989,265.720001,274.540009,273.630005,10558500.0
2021-03-02,275.959991,268.910004,277.5,269.190002,8484900.0
2021-03-03,265.019989,253.25,267.660004,255.059998,10841800.0
2021-03-04,251.759995,232.270004,254.800003,239.070007,18878800.0
2021-03-05,243.119995,223.089996,243.748001,239.050003,16830200.0
2021-03-08,239.0,225.649994,241.330002,226.089996,13340300.0
2021-03-09,240.979996,236.039993,244.440002,241.759995,12071200.0
2021-03-10,249.309998,241.270004,249.960007,242.070007,9508000.0
2021-03-11,247.119995,246.529999,254.919998,253.830002,9234200.0
2021-03-12,249.490005,244.302994,251.548004,250.350006,7609700.0
2021-03-15,251.417999,246.789993,252.0,249.979996,7052100.0
2021-03-16,253.419998,247.550003,254.779999,249.309998,7370400.0
2021-03-17,245.839996,242.899994,254.460999,251.470001,6340100.0
2021-03-18,246.460007,237.800003,247.270004,238.410004,9331200.0
2021-03-19,239.630005,237.130005,243.149994,241.279999,10555100.0
2021-03-22,242.029999,240.850006,246.949997,244.384995,5790200.0
2021-03-23,245.550003,242.25,246.839996,243.770004,5093200.0
2021-03-24,244.490005,233.759995,244.970001,234.270004,6097300.0
2021-03-25,232.630005,227.520004,235.339996,234.240005,8846600.0
2021-03-26,233.619003,232.300003,241.309998,241.029999,8217600.0
2021-03-29,241.580002,233.610001,243.199997,235.669998,7510900.0
2021-03-30,236.880005,232.630005,238.360001,236.539993,6242000.0
2021-03-31,238.110001,237.270004,245.229996,242.839996,7633400.0
2021-04-01,248.039993,246.039993,252.649002,247.539993,6990100.0
2021-04-05,250.509995,245.699997,251.759995,251.020004,5744400.0
2021-04-06,251.649994,249.5,255.0,253.190002,5580400.0
2021-04-07,253.074997,251.070007,259.220001,255.600006,7243200.0
2021-04-08,260.160004,258.170013,265.0,264.5,9059100.0
2021-04-09,262.980011,261.380005,266.940002,266.769989,6689700.0
2021-04-12,265.390015,262.589996,270.329987,269.029999,6681200.0
2021-04-13,271.266998,271.0,276.869995,275.429993,7284400.0
2021-04-14,275.839996,266.200012,277.859985,267.209991,8507200.0
2021-04-15,271.36,270.16,276.12,274.0,7576329.0
2021-04-16,273.16,268.59,274.15,269.87,6041347.0
2021-04-19,267.13,263.9,268.5,267.91,5264037.0
2021-04-20,269.62,262.24,272.58,264.43,6264979.0
2021-04-21,261.41,259.27,265.99,264.89,4669908.0
2021-04-22,265.13,259.4,268.16,262.27,6039734.0
2021-04-23,260.97,260.97,267.79,266.03,5706508.0
2021-04-26,266.66,265.92,271.74,271.72,5374687.0
2021-04-27,272.05,268.04,273.82,268.82,4147750.0
2021-04-28,268.76,267.17,275.24,271.09,5475793.0
2021-04-29,273.26,263.53,273.87,267.85,5699820.0
2021-04-30,265.0,261.6,266.15,262.29,6606655.0
2021-05-03,265.06,256.18,265.8,259.09,7564636.0
2021-05-04,255.73,246.65,256.8,250.16,9259442.0
2021-05-05,254.92,246.25,254.92,247.4,9514887.0
2021-05-06,256.0,245.12,256.31,252.02,17743267.0
2021-05-07,255.92,251.64,258.64,253.36,10187877.0
2021-05-10,252.02,243.45,252.41,243.63,8975041.0
2021-05-11,235.0,233.63,250.56,248.6,9302723.0
2021-05-12,240.59,238.82,246.5,239.91,8446804.0
2021-05-13,241.92,237.8,245.68,240.8,7283029.0
2021-05-14,244.02,242.27,247.09,246.29,5731982.0
2021-05-17,245.15,240.6,246.24,244.36,4958415.0
2021-05-18,243.5,242.66,247.29,243.21,4671620.0
2021-05-19,235.86,235.11,245.34,244.63,7183527.0
2021-05-20,246.99,245.35,252.93,251.54,8112196.0
2021-05-21,253.8,250.41,255.21,250.69,5500124.0
2021-05-24,254.13,252.5,257.59,257.17,5380872.0
2021-05-25,258.5,257.28,260.37,258.65,5190685.0
2021-05-26,259.78,259.16,262.31,261.37,4570533.0
2021-05-27,259.86,256.28,260.54,259.47,5757370.0
2021-05-28,261.07,259.87,263.15,260.02,4300773.0
2021-06-01,261.08,256.52,263.41,259.27,5669507.0
2021-06-02,260.48,259.58,264.78,262.17,6158536.0
2021-06-03,258.4,256.15,260.95,257.79,4988930.0
2021-06-04,259.51,259.15,263.46,263.04,4110306.0
2021-06-07,262.48,260.21,262.94,260.6,3800066.0
2021-06-08,261.57,260.57,264.55,263.15,4426686.0
2021-06-09,265.0,263.27,268.2,263.6,4653166.0
2021-06-10,263.07,261.7,269.65,269.47,5954253.0
2021-06-11,268.75,268.4,271.87,271.45,4446250.0
2021-06-14,271.9,270.6,274.97,274.93,4823210.0
2021-06-15,274.73,270.68,274.73,271.89,5373788.0
2021-06-16,271.45,265.31,275.16,268.82,6677845.0
2021-06-17,268.5,268.47,279.37,278.11,7825613.0
2021-06-18,275.3,274.86,286.38,283.38,14716548.0
2021-06-21,283.28,276.73,284.29,283.1,7292043.0
2021-06-22,281.7,280.22,287.46,286.75,5873203.0
2021-06-23,285.94,284.78,288.55,288.12,4987688.0
2021-06-24,290.18,289.64,296.01,293.21,7210500.0
2021-06-25,292.6,287.82,292.86,289.6,6429561.0
2021-06-28,290.85,289.78,294.26,293.65,5108859.0
2021-06-29,292.97,291.55,295.18,292.76,4340416.0
2021-06-30,291.53,289.52,292.57,291.48,4255804.0
2021-07-01,290.33,285.79,291.89,289.0,5675657.0
2021-07-02,290.94,288.92,292.4,290.24,4197577.0
2021-07-06,290.04,289.57,294.53,292.64,5073130.0
2021-07-07,294.9,291.91,299.3,297.13,6747025.0
2021-07-08,292.1,289.47,295.87,295.05,5917608.0
2021-07-09,296.41,295.05,300.83,300.21,5562455.0
2021-07-12,302.37,298.56,303.5,302.97,5489856.0
2021-07-13,302.19,298.75,307.81,301.19,7074842.0
2021-07-14,303.01,299.33,304.81,300.75,4795179.0
2021-07-15,300.86,294.14,301.18,296.51,4868565.0
2021-07-16,297.23,294.44,298.75,294.63,4304918.0
2021-07-19,292.35,288.81,295.06,294.85,5728088.0
2021-07-20,295.52,291.58,300.02,298.07,5109002.0
2021-07-21,296.49,296.21,301.83,301.77,5120879.0
2021-07-22,302.02,301.9,304.57,303.69,3399640.0
2021-07-23,305.76,304.2,309.47,308.53,4249817.0
2021-07-26,309.66,305.26,310.16,306.8,3673891.0
2021-07-27,305.5,294.89,306.31,300.48,6908872.0
2021-07-28,300.74,296.86,302.43,301.98,6526383.0
2021-07-29,285.37,281.6,289.0,283.17,17962696.0
2021-07-30,280.25,274.22,280.5,275.53,11512513.0
2021-08-02,276.89,270.43,276.89,270.99,10127949.0
2021-08-03,272.06,269.57,274.52,273.5,8347755.0
2021-08-04,274.07,270.67,276.09,275.5,6526002.0
2021-08-05,277.1,275.82,280.96,280.67,7380576.0
2021-08-06,280.0,276.87,282.37,279.54,6050709.0
2021-08-09,280.22,277.48,281.1,278.15,3849790.0
2021-08-10,280.22,272.5,280.46,274.37,6316855.0
2021-08-11,277.44,273.13,278.24,276.41,5807989.0
2021-08-12,274.25,273.06,276.81,274.59,4540401.0
2021-08-13,276.17,274.61,276.8,274.91,4105660.0
2021-08-16,273.73,273.56,279.19,278.28,5314759.0
2021-08-17,275.25,269.08,275.48,271.1,8026426.0
2021-08-18,271.01,268.48,272.77,268.84,4840051.0
2021-08-19,267.19,266.6,272.01,270.58,5065715.0
2021-08-20,269.54,269.54,273.94,272.96,4220229.0
2021-08-23,275.75,273.02,278.29,276.98,5542989.0
2021-08-24,278.93,276.56,279.58,279.51,3550944.0
2021-08-25,279.82,276.78,279.83,277.69,4433469.0
2021-08-26,277.89,273.53,278.67,273.62,3647178.0
2021-08-27,274.03,273.72,278.89,278.33,3927486.0
2021-08-30,279.61,279.08,290.41,288.47,14666649.0
2021-08-31,290.93,284.34,292.65,288.66,8941412.0
2021-09-01,290.1,286.36,290.9,286.75,5569477.0
2021-09-02,288.9,285.26,288.9,285.53,4491535.0
2021-09-03,285.03,284.4,290.38,289.13,5329058.0
2021-09-07,290.41,288.04,293.68,293.26,6818311.0
2021-09-08,296.55,283.33,296.7,285.23,11051708.0
2021-09-09,287.45,285.08,289.31,286.88,4177639.0
2021-09-10,288.6,284.11,289.0,284.32,3837188.0
2021-09-13,286.72,277.8,287.19,280.49,4855038.0
2021-09-14,281.84,279.71,283.17,282.24,4023125.0
2021-09-15,284.21,279.56,285.75,282.43,4085205.0
2021-09-16,281.04,280.43,283.65,282.97,3636427.0
2021-09-17,282.18,275.92,282.5,276.34,8161688.0
2021-09-20,271.55,265.68,272.93,269.91,7754893.0
2021-09-21,271.75,267.8,272.3,269.49,4340114.0
2021-09-22,270.46,266.5,273.45,272.34,5583219.0
2021-09-23,274.45,273.82,279.93,279.1,5417489.0
2021-09-24,276.02,274.74,278.33,278.11,3896648.0
2021-09-27,274.78,272.2,276.78,273.39,4653169.0
2021-09-28,269.9,261.68,271.43,262.19,8383292.0
2021-09-29,263.51,256.89,264.46,259.0,6888740.0
2021-09-30,259.65,258.74,263.47,260.21,5374858.0
2021-10-01,261.45,260.11,265.82,264.65,4568710.0
2021-10-04,261.838,251.59,262.57,255.01,7316680.0
2021-10-05,255.22,253.59,262.77,260.15,6313326.0
2021-10-06,256.29,256.03,264.39,264.06,4627994.0
2021-10-07,265.95,263.07,268.6933,263.54,5277840.0
2021-10-08,264.955,259.8,265.47,260.06,4025498.0
2021-10-11,257.93,254.69,260.64,255.05,5075277.0
2021-10-12,256.0,253.78,257.92,255.85,4214988.0
2021-10-13,258.73,254.245,261.24,256.36,5942169.0
2021-10-14,261.5,260.2,267.4099,266.45,7876269.0
2021-10-15,268.7006,265.44,269.715,268.35,4728699.0
2021-10-18,266.39,264.71,270.44,270.33,4227180.0
2021-10-19,271.01,269.835,273.27,271.7,3995810.0
2021-10-20,273.0,253.1001,273.51,258.36,31402275.0
2021-10-21,258.61,242.98,258.775,243.21,42512489.99999999
2021-10-22,243.73,239.75,246.66,240.4,24355501.0
2021-10-25,254.955,245.82,255.52,246.88,23197956.0
2021-10-26,249.45,241.02,249.88,243.0,14525590.0
2021-10-27,243.85,233.92,244.6899,234.94,18805975.0
2021-10-28,237.0,232.78,237.94,236.83,14324891.0
2021-10-29,235.43,231.71,238.9,232.59,13038837.0
2021-11-01,232.7,230.22,233.55,231.28,13698630.0
2021-11-02,232.54,227.8,232.761,229.46,12677801.0
2021-11-03,228.33,225.3101,230.85,230.38,14114103.999999998
2021-11-04,231.61,225.0,231.74,228.22,14159991.999999998
2021-11-05,230.0,224.6,230.01,225.78,16503239.0
2021-11-08,227.96,226.25,230.97,229.42,15416090.0
